Symbol,Market_Cap_Crores,Sector_Level_1,Sector_Level_2,Sector_Level_3,Sector_Level_4,Status,Scraped_At
TATAINVEST,44271,Financial Services,Financial Services,Finance,Investment Company,Success,10/22/2025 22:18
BLACKBUCK,13256,Services,Services,Transport Services,Transport Related Services,Success,10/22/2025 22:18
ATHERENERG,29127,Consumer Discretionary,Automobile and Auto Components,Automobiles,2/3 Wheelers,Success,10/22/2025 22:18
ACMESOLAR,17569,Utilities,Power,Power,Power Generation,Success,10/22/2025 22:18
JUBLPHARMA,18219,Healthcare,Healthcare,Pharmaceuticals & Biotechnology,Pharmaceuticals,Success,10/22/2025 22:19
SPLPETRO,15099,Commodities,Chemicals,Chemicals & Petrochemicals,Petrochemicals,Success,10/22/2025 22:19
SBFC,12659,Financial Services,Financial Services,Finance,Non Banking Financial Company (NBFC),Success,10/22/2025 22:19
TVSHLTD,31459,Financial Services,Financial Services,Finance,Investment Company,Success,10/22/2025 22:19
ZYDUSWELL,15549,Fast Moving Consumer Goods,Fast Moving Consumer Goods,Food Products,Packaged Foods,Success,10/22/2025 22:19
HAPPYFORGE,9564,Industrials,Capital Goods,Industrial Products,Castings & Forgings,Success,10/22/2025 22:19
ABDL,16885,Fast Moving Consumer Goods,Fast Moving Consumer Goods,Beverages,Breweries & Distilleries,Success,10/22/2025 22:19
SARDAEN,19221,Commodities,Metals & Mining,Ferrous Metals,Iron & Steel,Success,10/22/2025 22:19
ASKAUTOLTD,10057,Consumer Discretionary,Automobile and Auto Components,Auto Components,Auto Components & Equipments,Success,10/22/2025 22:19
BSOFT,9778,Information Technology,Information Technology,IT - Software,Computers - Software & Consulting,Success,10/22/2025 22:19
NUVAMA,26183,Financial Services,Financial Services,Capital Markets,Stockbroking & Allied,Success,10/22/2025 22:19
NESCO,9850,Services,Services,Commercial Services & Supplies,Diversified Commercial Services,Success,10/22/2025 22:19
APOLLO,9949,Industrials,Capital Goods,Aerospace & Defense,Aerospace & Defense,Success,10/22/2025 22:19
LOTUSDEV,9315,Consumer Discretionary,Realty,Realty,"Residential, Commercial Projects",Success,10/22/2025 22:20
PRSMJOHNSN,8019,Commodities,Construction Materials,Cement & Cement Products,Cement & Cement Products,Success,10/22/2025 22:20
POLYMED,19610,Healthcare,Healthcare,Healthcare Equipment & Supplies,Medical Equipment & Supplies,Success,10/22/2025 22:20
SOUTHBANK,10163,Financial Services,Financial Services,Banks,Private Sector Bank,Success,10/22/2025 22:20
WHIRLPOOL,17730,Consumer Discretionary,Consumer Durables,Consumer Durables,Household Appliances,Success,10/22/2025 22:20
ECLERX,21766,Services,Services,Commercial Services & Supplies,Business Process Outsourcing (BPO)/ Knowledge Process Outsourcing (KPO),Success,10/22/2025 22:20
BECTORFOOD,8276,Fast Moving Consumer Goods,Fast Moving Consumer Goods,Food Products,Packaged Foods,Success,10/22/2025 22:20
SHAILY,11378,Industrials,Capital Goods,Industrial Products,Plastic Products - Industrial,Success,10/22/2025 22:20
SANSERA,9246,Consumer Discretionary,Automobile and Auto Components,Auto Components,Auto Components & Equipments,Success,10/22/2025 22:20
SAPPHIRE,9466,Consumer Discretionary,Consumer Services,Leisure Services,Restaurants,Success,10/22/2025 22:20
GRAVITA,11822,Commodities,Metals & Mining,Minerals & Mining,Industrial Minerals,Success,10/22/2025 22:20
WOCKPHARMA,22305,Healthcare,Healthcare,Pharmaceuticals & Biotechnology,Pharmaceuticals,Success,10/22/2025 22:21
CARTRADE,11969,Consumer Discretionary,Consumer Services,Retailing,E-Retail/ E-Commerce,Success,10/22/2025 22:21
SWIGGY,107750,Consumer Discretionary,Consumer Services,Retailing,E-Retail/ E-Commerce,Success,10/22/2025 22:21
WAAREERTL,13176,Industrials,Capital Goods,Electrical Equipment,Other Electrical Equipment,Success,10/22/2025 22:21
SCI,10790,Services,Services,Transport Services,Shipping,Success,10/22/2025 22:21
JINDALSAW,12217,Industrials,Capital Goods,Industrial Products,Iron & Steel Products,Success,10/22/2025 22:21
URBANCO,22663,Consumer Discretionary,Consumer Services,Retailing,E-Retail/ E-Commerce,Success,10/22/2025 22:21
HATSUN,20179,Fast Moving Consumer Goods,Fast Moving Consumer Goods,Food Products,Dairy Products,Success,10/22/2025 22:21
RELIGARE,8696,Financial Services,Financial Services,Finance,Investment Company,Success,10/22/2025 22:21
SANDUMA,10968,Energy,"Oil, Gas & Consumable Fuels",Consumable Fuels,Coal,Success,10/22/2025 22:21
COHANCE,34366,Healthcare,Healthcare,Pharmaceuticals & Biotechnology,Pharmaceuticals,Success,10/22/2025 22:21
LLOYDSME,71102,Commodities,Metals & Mining,Minerals & Mining,Industrial Minerals,Success,10/22/2025 22:21
HOMEFIRST,12976,Financial Services,Financial Services,Finance,Housing Finance Company,Success,10/22/2025 22:22
BANCOINDIA,10610,Consumer Discretionary,Automobile and Auto Components,Auto Components,Auto Components & Equipments,Success,10/22/2025 22:22
ITCHOTELS,46707,Consumer Discretionary,Consumer Services,Leisure Services,Hotels & Resorts,Success,10/22/2025 22:22
DATAPATTNS,15911,Industrials,Capital Goods,Aerospace & Defense,Aerospace & Defense,Success,10/22/2025 22:22
VESUVIUS,10003,Industrials,Capital Goods,Industrial Products,Electrodes & Refractories,Success,10/22/2025 22:22
LLOYDSENT,10159,Commodities,Metals & Mining,Metals & Minerals Trading,Trading - Metals,Success,10/22/2025 22:22
EUREKAFORB,10759,Consumer Discretionary,Consumer Durables,Consumer Durables,Household Appliances,Success,10/22/2025 22:22
WELCORP,22412,Industrials,Capital Goods,Industrial Products,Iron & Steel Products,Success,10/22/2025 22:22
ANTHEM,41680,Healthcare,Healthcare,Pharmaceuticals & Biotechnology,Biotechnology,Success,10/22/2025 22:22
SUZLON,73682,Industrials,Capital Goods,Electrical Equipment,Heavy Electrical Equipment,Success,10/22/2025 22:22
CEATLTD,17352,Consumer Discretionary,Automobile and Auto Components,Auto Components,Tyres & Rubber Products,Success,10/22/2025 22:22
MARKSANS,8166,Healthcare,Healthcare,Pharmaceuticals & Biotechnology,Pharmaceuticals,Success,10/22/2025 22:22
SYRMA,15313,Industrials,Capital Goods,Industrial Manufacturing,Industrial Products,Success,10/22/2025 22:23
ZENTEC,12642,Industrials,Capital Goods,Aerospace & Defense,Aerospace & Defense,Success,10/22/2025 22:23
TECHNOE,15784,Industrials,Construction,Construction,Civil Construction,Success,10/22/2025 22:23
LTFOODS,14963,Fast Moving Consumer Goods,Fast Moving Consumer Goods,Agricultural Food & other Products,Other Agricultural Products,Success,10/22/2025 22:23
INTELLECT,13500,Information Technology,Information Technology,IT - Software,Computers - Software & Consulting,Success,10/22/2025 22:23
TRITURBINE,16790,Industrials,Capital Goods,Electrical Equipment,Heavy Electrical Equipment,Success,10/22/2025 22:23
GMRP&UI,8566,Utilities,Power,Power,Power Generation,Success,10/22/2025 22:23
BALRAMCHIN,9465,Fast Moving Consumer Goods,Fast Moving Consumer Goods,Agricultural Food & other Products,Sugar,Success,10/22/2025 22:23
PCBL,13902,Commodities,Chemicals,Chemicals & Petrochemicals,Carbon Black,Success,10/22/2025 22:23
CARBORUNIV,17327,Industrials,Capital Goods,Industrial Products,Abrasives & Bearings,Success,10/22/2025 22:23
AZAD,10773,Industrials,Capital Goods,Electrical Equipment,Heavy Electrical Equipment,Success,10/22/2025 22:23
MANORAMA,8939,Fast Moving Consumer Goods,Fast Moving Consumer Goods,Food Products,Other Food Products,Success,10/22/2025 22:23
ELGIEQUIP,15069,Industrials,Capital Goods,Industrial Products,"Compressors, Pumps & Diesel Engines",Success,10/22/2025 22:23
RELAXO,11018,Consumer Discretionary,Consumer Durables,Consumer Durables,Footwear,Success,10/22/2025 22:23
TRANSRAILL,10065,Industrials,Capital Goods,Electrical Equipment,Heavy Electrical Equipment,Success,10/22/2025 22:23
SKFINDIA,11077,Industrials,Capital Goods,Industrial Products,Abrasives & Bearings,Success,10/22/2025 22:23
ELECON,12425,Industrials,Capital Goods,Electrical Equipment,Heavy Electrical Equipment,Success,10/22/2025 22:23
WABAG,8940,Utilities,Utilities,Other Utilities,Water Supply & Management,Success,10/22/2025 22:23
SAMMAANCAP,14506,Financial Services,Financial Services,Finance,Housing Finance Company,Success,10/22/2025 22:24
INDIAMART,14268,Consumer Discretionary,Consumer Services,Retailing,Internet & Catalogue Retail,Success,10/22/2025 22:24
NAM-INDIA,61640,Financial Services,Financial Services,Capital Markets,Asset Management Company,Success,10/22/2025 22:24
SCHAEFFLER,61395,Consumer Discretionary,Automobile and Auto Components,Auto Components,Auto Components & Equipments,Success,10/22/2025 22:24
MAHLIFE,8363,Consumer Discretionary,Realty,Realty,"Residential, Commercial Projects",Success,10/22/2025 22:24
RATNAMANI,16527,Industrials,Capital Goods,Industrial Products,Iron & Steel Products,Success,10/22/2025 22:24
CONCORDBIO,15927,Healthcare,Healthcare,Pharmaceuticals & Biotechnology,Pharmaceuticals,Success,10/22/2025 22:24
BORORENEW,9015,Industrials,Capital Goods,Industrial Products,Glass - Industrial,Success,10/22/2025 22:24
KPIGREEN,9968,Utilities,Power,Power,Power Generation,Success,10/22/2025 22:24
HSCL,23134,Commodities,Chemicals,Chemicals & Petrochemicals,Carbon Black,Success,10/22/2025 22:24
TTML,10950,Telecommunication,Telecommunication,Telecom - Services,Telecom - Cellular & Fixed line services,Success,10/22/2025 22:24
GRINDWELL,18395,Industrials,Capital Goods,Industrial Products,Abrasives & Bearings,Success,10/22/2025 22:24
NIVABUPA,13976,Financial Services,Financial Services,Insurance,General Insurance,Success,10/22/2025 22:24
CLEAN,11192,Commodities,Chemicals,Chemicals & Petrochemicals,Specialty Chemicals,Success,10/22/2025 22:24
OSWALPUMPS,8773,Industrials,Capital Goods,Industrial Products,"Compressors, Pumps & Diesel Engines",Success,10/22/2025 22:24
TEJASNET,9704,Telecommunication,Telecommunication,Telecom -  Equipment & Accessories,Telecom -  Equipment & Accessories,Success,10/22/2025 22:24
INDUSTOWER,97099,Telecommunication,Telecommunication,Telecom - Services,Telecom - Infrastructure,Success,10/22/2025 22:25
JKLAKSHMI,10457,Commodities,Construction Materials,Cement & Cement Products,Cement & Cement Products,Success,10/22/2025 22:25
MANYAVAR,16895,Consumer Discretionary,Consumer Services,Retailing,Speciality Retail,Success,10/22/2025 22:25
VIKRAMSOLR,12150,Industrials,Capital Goods,Electrical Equipment,Other Electrical Equipment,Success,10/22/2025 22:25
JSL,65747,Commodities,Metals & Mining,Ferrous Metals,Iron & Steel,Success,10/22/2025 22:25
APOLLOTYRE,32717,Consumer Discretionary,Automobile and Auto Components,Auto Components,Tyres & Rubber Products,Success,10/22/2025 22:25
INOXWIND,25777,Industrials,Capital Goods,Electrical Equipment,Heavy Electrical Equipment,Success,10/22/2025 22:25
SANOFI,10995,Healthcare,Healthcare,Pharmaceuticals & Biotechnology,Pharmaceuticals,Success,10/22/2025 22:25
DOMS,15319,Fast Moving Consumer Goods,Fast Moving Consumer Goods,Household Products,Stationary,Success,10/22/2025 22:25
BAJAJHFL,92239,Financial Services,Financial Services,Finance,Housing Finance Company,Success,10/22/2025 22:25
POWERMECH,8508,Industrials,Construction,Construction,Civil Construction,Success,10/22/2025 22:25
GODREJAGRO,12925,Fast Moving Consumer Goods,Fast Moving Consumer Goods,Food Products,Animal Feed,Success,10/22/2025 22:25
GRAPHITE,10873,Industrials,Capital Goods,Industrial Products,Electrodes & Refractories,Success,10/22/2025 22:26
CIPLA,134380,Healthcare,Healthcare,Pharmaceuticals & Biotechnology,Pharmaceuticals,Success,10/22/2025 22:26
LLOYDSENGG,8348,Industrials,Capital Goods,Industrial Manufacturing,Industrial Products,Success,10/22/2025 22:26
NSLNISP,12895,Commodities,Metals & Mining,Ferrous Metals,Iron & Steel,Success,10/22/2025 22:26
INDIASHLTR,9717,Financial Services,Financial Services,Finance,Housing Finance Company,Success,10/22/2025 22:26
JAINREC,12261,Commodities,Metals & Mining,Diversified Metals,Diversified Metals,Success,10/22/2025 22:26
RADICO,44208,Fast Moving Consumer Goods,Fast Moving Consumer Goods,Beverages,Breweries & Distilleries,Success,10/22/2025 22:26
KARURVYSYA,23658,Financial Services,Financial Services,Banks,Private Sector Bank,Success,10/22/2025 22:26
GPIL,17142,Industrials,Capital Goods,Industrial Products,Iron & Steel Products,Success,10/22/2025 22:26
RAINBOW,13812,Healthcare,Healthcare,Healthcare Services,Hospital,Success,10/22/2025 22:26
WESTLIFE,9357,Consumer Discretionary,Consumer Services,Leisure Services,Restaurants,Success,10/22/2025 22:26
ENRIN,111989,Industrials,Capital Goods,Electrical Equipment,Heavy Electrical Equipment,Success,10/22/2025 22:26
ACUTAAS,14643,Healthcare,Healthcare,Pharmaceuticals & Biotechnology,Pharmaceuticals,Success,10/22/2025 22:26
TATACAP,140059,Financial Services,Financial Services,Finance,Non Banking Financial Company (NBFC),Success,10/22/2025 22:26
IIFLCAPS,10877,Financial Services,Financial Services,Capital Markets,Stockbroking & Allied,Success,10/22/2025 22:26
ALOKINDS,8610,Consumer Discretionary,Textiles,Textiles & Apparels,Other Textile Products,Success,10/22/2025 22:26
KIRLOSENG,13001,Industrials,Capital Goods,Industrial Products,"Compressors, Pumps & Diesel Engines",Success,10/22/2025 22:27
AIAENG,31655,Industrials,Capital Goods,Industrial Products,Castings & Forgings,Success,10/22/2025 22:27
IGIL,14611,Services,Services,Commercial Services & Supplies,Diversified Commercial Services,Success,10/22/2025 22:27
BAJAJFINSV,346582,Financial Services,Financial Services,Finance,Holding Company,Success,10/22/2025 22:27
RKFORGE,9994,Consumer Discretionary,Automobile and Auto Components,Auto Components,Auto Components & Equipments,Success,10/22/2025 22:27
JSWINFRA,62591,Services,Services,Transport Infrastructure,Port & Port services,Success,10/22/2025 22:27
USHAMART,14020,Industrials,Capital Goods,Industrial Products,Iron & Steel Products,Success,10/22/2025 22:27
LEMONTREE,13347,Consumer Discretionary,Consumer Services,Leisure Services,Hotels & Resorts,Success,10/22/2025 22:27
ASAHIINDIA,23935,Consumer Discretionary,Automobile and Auto Components,Auto Components,Auto Components & Equipments,Success,10/22/2025 22:27
DODLA,8028,Fast Moving Consumer Goods,Fast Moving Consumer Goods,Food Products,Dairy Products,Success,10/22/2025 22:27
KANSAINER,20767,Consumer Discretionary,Consumer Durables,Consumer Durables,Paints,Success,10/22/2025 22:27
JUBLINGREA,10930,Commodities,Chemicals,Chemicals & Petrochemicals,Specialty Chemicals,Success,10/22/2025 22:27
EIHOTEL,24377,Consumer Discretionary,Consumer Services,Leisure Services,Hotels & Resorts,Success,10/22/2025 22:27
ATUL,17656,Commodities,Chemicals,Chemicals & Petrochemicals,Specialty Chemicals,Success,10/22/2025 22:28
ANANTRAJ,23178,Consumer Discretionary,Realty,Realty,"Residential, Commercial Projects",Success,10/22/2025 22:28
IOB,78317,Financial Services,Financial Services,Banks,Public Sector Bank,Success,10/22/2025 22:28
KIOCL,26866,Commodities,Metals & Mining,Ferrous Metals,Sponge Iron,Success,10/22/2025 22:28
BALKRISIND,44685,Consumer Discretionary,Automobile and Auto Components,Auto Components,Tyres & Rubber Products,Success,10/22/2025 22:28
BBOX,9218,Information Technology,Information Technology,IT - Services,IT Enabled Services,Success,10/22/2025 22:28
HEG,9903,Industrials,Capital Goods,Industrial Products,Electrodes & Refractories,Success,10/22/2025 22:28
WEWORK,8666,Services,Services,Commercial Services & Supplies,Diversified Commercial Services,Success,10/22/2025 22:28
EMCURE,26406,Healthcare,Healthcare,Pharmaceuticals & Biotechnology,Pharmaceuticals,Success,10/22/2025 22:28
BEML,18307,Industrials,Capital Goods,"Agricultural, Commercial & Construction Vehicles",Construction Vehicles,Success,10/22/2025 22:28
THERMAX,38358,Industrials,Capital Goods,Electrical Equipment,Heavy Electrical Equipment,Success,10/22/2025 22:28
TI,9571,Fast Moving Consumer Goods,Fast Moving Consumer Goods,Beverages,Breweries & Distilleries,Success,10/22/2025 22:29
EDELWEISS,11061,Financial Services,Financial Services,Finance,Holding Company,Success,10/22/2025 22:29
TIMKEN,22279,Industrials,Capital Goods,Industrial Products,Abrasives & Bearings,Success,10/22/2025 22:29
SUMICHEM,26445,Commodities,Chemicals,Fertilizers & Agrochemicals,Pesticides & Agrochemicals,Success,10/22/2025 22:29
CHAMBLFERT,19578,Commodities,Chemicals,Fertilizers & Agrochemicals,Fertilizers,Success,10/22/2025 22:29
TORNTPOWER,66475,Utilities,Power,Power,Integrated Power Utilities,Success,10/22/2025 22:29
RUBICON,10080,BSE IPO,,,,Success,10/22/2025 22:29
M&MFIN,41734,Financial Services,Financial Services,Finance,Non Banking Financial Company (NBFC),Success,10/22/2025 22:29
TTKPRESTIG,8937,Consumer Discretionary,Consumer Durables,Consumer Durables,Household Appliances,Success,10/22/2025 22:29
NUVOCO,15081,Commodities,Construction Materials,Cement & Cement Products,Cement & Cement Products,Success,10/22/2025 22:29
JYOTHYLAB,11775,Fast Moving Consumer Goods,Fast Moving Consumer Goods,Household Products,Household Products,Success,10/22/2025 22:29
DEEPAKFERT,18176,Commodities,Chemicals,Chemicals & Petrochemicals,Commodity Chemicals,Success,10/22/2025 22:29
UCOBANK,40503,Financial Services,Financial Services,Banks,Public Sector Bank,Success,10/22/2025 22:29
FINCABLES,12176,Industrials,Capital Goods,Industrial Products,Cables - Electricals,Success,10/22/2025 22:29
AETHER,10050,Commodities,Chemicals,Chemicals & Petrochemicals,Specialty Chemicals,Success,10/22/2025 22:29
GMDCLTD,18592,Commodities,Metals & Mining,Minerals & Mining,Industrial Minerals,Success,10/22/2025 22:29
PTCIL,25498,Industrials,Capital Goods,Industrial Products,Other Industrial Products,Success,10/22/2025 22:29
LUMAXTECH,8098,Consumer Discretionary,Automobile and Auto Components,Auto Components,Auto Components & Equipments,Success,10/22/2025 22:29
DEVYANI,20624,Consumer Discretionary,Consumer Services,Leisure Services,Restaurants,Success,10/22/2025 22:30
GUJGASLTD,28730,Energy,"Oil, Gas & Consumable Fuels",Gas,LPG/CNG/PNG/LNG Supplier,Success,10/22/2025 22:30
AWL,33974,Fast Moving Consumer Goods,Fast Moving Consumer Goods,Agricultural Food & other Products,Edible Oil,Success,10/22/2025 22:30
ABBOTINDIA,64292,Healthcare,Healthcare,Pharmaceuticals & Biotechnology,Pharmaceuticals,Success,10/22/2025 22:30
PRUDENT,11116,Financial Services,Financial Services,Capital Markets,Financial Products Distributor,Success,10/22/2025 22:30
TATACHEM,23257,Commodities,Chemicals,Chemicals & Petrochemicals,Commodity Chemicals,Success,10/22/2025 22:30
HBLENGINE,26449,Industrials,Capital Goods,Industrial Products,Other Industrial Products,Success,10/22/2025 22:30
JAIBALAJI,8734,Commodities,Metals & Mining,Ferrous Metals,Iron & Steel,Success,10/22/2025 22:30
SONATSOFTW,10191,Information Technology,Information Technology,IT - Software,Computers - Software & Consulting,Success,10/22/2025 22:30
INOXGREEN,9667,Utilities,Power,Power,Power Generation,Success,10/22/2025 22:30
FSL,22752,Services,Services,Commercial Services & Supplies,Business Process Outsourcing (BPO)/ Knowledge Process Outsourcing (KPO),Success,10/22/2025 22:30
HFCL,11139,Telecommunication,Telecommunication,Telecom - Services,Telecom - Infrastructure,Success,10/22/2025 22:30
NH,36380,Healthcare,Healthcare,Healthcare Services,Hospital,Success,10/22/2025 22:30
TRIDENT,14371,Consumer Discretionary,Textiles,Textiles & Apparels,Other Textile Products,Success,10/22/2025 22:31
EIDPARRY,18483,Fast Moving Consumer Goods,Fast Moving Consumer Goods,Food Products,Other Food Products,Success,10/22/2025 22:31
BAJAJHLDNG,141694,Financial Services,Financial Services,Finance,Holding Company,Success,10/22/2025 22:31
KIMS,29098,Healthcare,Healthcare,Healthcare Services,Hospital,Success,10/22/2025 22:31
ABLBL,16989,Consumer Discretionary,Consumer Services,Retailing,Speciality Retail,Success,10/22/2025 22:31
RAMCOCEM,24548,Commodities,Construction Materials,Cement & Cement Products,Cement & Cement Products,Success,10/22/2025 22:31
NATCOPHARM,15081,Healthcare,Healthcare,Pharmaceuticals & Biotechnology,Pharmaceuticals,Success,10/22/2025 22:31
BASF,19633,Commodities,Chemicals,Chemicals & Petrochemicals,Specialty Chemicals,Success,10/22/2025 22:31
ACC,34720,Commodities,Construction Materials,Cement & Cement Products,Cement & Cement Products,Success,10/22/2025 22:31
ARE&M,18246,Consumer Discretionary,Automobile and Auto Components,Auto Components,Auto Components & Equipments,Success,10/22/2025 22:31
MMTC,10245,Services,Services,Commercial Services & Supplies,Trading & Distributors,Success,10/22/2025 22:31
CPPLUS,16800,Industrials,Capital Goods,Industrial Manufacturing,Industrial Products,Success,10/22/2025 22:31
GENUSPOWER,9216,Industrials,Capital Goods,Electrical Equipment,Other Electrical Equipment,Success,10/22/2025 22:31
CAPLIPOINT,15430,Healthcare,Healthcare,Pharmaceuticals & Biotechnology,Pharmaceuticals,Success,10/22/2025 22:31
TDPOWERSYS,10184,Industrials,Capital Goods,Electrical Equipment,Heavy Electrical Equipment,Success,10/22/2025 22:32
AIIL,54196,Financial Services,Financial Services,Finance,Non Banking Financial Company (NBFC),Success,10/22/2025 22:32
ABSLAMC,25117,Financial Services,Financial Services,Capital Markets,Asset Management Company,Success,10/22/2025 22:32
BLS,13421,Consumer Discretionary,Consumer Services,Leisure Services,"Tour, Travel Related Services",Success,10/22/2025 22:32
JSWCEMENT,18854,Commodities,Construction Materials,Cement & Cement Products,Cement & Cement Products,Success,10/22/2025 22:32
AXISBANK,383931,Financial Services,Financial Services,Banks,Private Sector Bank,Success,10/22/2025 22:32
RVNL,69223,Industrials,Construction,Construction,Civil Construction,Success,10/22/2025 22:32
SAGILITY,21506,Information Technology,Information Technology,IT - Services,IT Enabled Services,Success,10/22/2025 22:32
CENTRALBK,35391,Financial Services,Financial Services,Banks,Public Sector Bank,Success,10/22/2025 22:32
CRISIL,36243,Financial Services,Financial Services,Finance,Other Financial Services,Success,10/22/2025 22:32
PPLPHARMA,26223,Healthcare,Healthcare,Pharmaceuticals & Biotechnology,Pharmaceuticals,Success,10/22/2025 22:32
HYUNDAI,190378,Consumer Discretionary,Automobile and Auto Components,Automobiles,Passenger Cars & Utility Vehicles,Success,10/22/2025 22:32
RRKABEL,14291,Industrials,Capital Goods,Industrial Products,Cables - Electricals,Success,10/22/2025 22:32
JSWHL,19096,Financial Services,Financial Services,Finance,Investment Company,Success,10/22/2025 22:33
SWANCORP,13483,Commodities,Chemicals,Chemicals & Petrochemicals,Petrochemicals,Success,10/22/2025 22:33
IPCALAB,32507,Healthcare,Healthcare,Pharmaceuticals & Biotechnology,Pharmaceuticals,Success,10/22/2025 22:33
PNGJL,9320,Consumer Discretionary,Consumer Durables,Consumer Durables,"Gems, Jewellery And Watches",Success,10/22/2025 22:33
FIVESTAR,15782,Financial Services,Financial Services,Finance,Non Banking Financial Company (NBFC),Success,10/22/2025 22:33
GILLETTE,30669,Fast Moving Consumer Goods,Fast Moving Consumer Goods,Personal Products,Personal Care,Success,10/22/2025 22:33
FINEORG,13792,Commodities,Chemicals,Chemicals & Petrochemicals,Specialty Chemicals,Success,10/22/2025 22:33
INFY,611694,Information Technology,Information Technology,IT - Software,Computers - Software & Consulting,Success,10/22/2025 22:33
CESC,23929,Utilities,Power,Power,Integrated Power Utilities,Success,10/22/2025 22:33
VOLTAS,48170,Consumer Discretionary,Consumer Durables,Consumer Durables,Household Appliances,Success,10/22/2025 22:33
BIRLACORPN,9153,Commodities,Construction Materials,Cement & Cement Products,Cement & Cement Products,Success,10/22/2025 22:33
GRANULES,13833,Healthcare,Healthcare,Pharmaceuticals & Biotechnology,Pharmaceuticals,Success,10/22/2025 22:33
ABFRL,10208,Consumer Discretionary,Consumer Services,Retailing,Speciality Retail,Success,10/22/2025 22:33
PNBHOUSING,22810,Financial Services,Financial Services,Finance,Housing Finance Company,Success,10/22/2025 22:33
SCHNEIDER,19616,Industrials,Capital Goods,Electrical Equipment,Heavy Electrical Equipment,Success,10/22/2025 22:34
RELINFRA,9238,Utilities,Power,Power,Integrated Power Utilities,Success,10/22/2025 22:34
RCF,8225,Commodities,Chemicals,Fertilizers & Agrochemicals,Fertilizers,Success,10/22/2025 22:34
LINDEINDIA,52345,Commodities,Chemicals,Chemicals & Petrochemicals,Industrial Gases,Success,10/22/2025 22:34
COLPAL,61485,Fast Moving Consumer Goods,Fast Moving Consumer Goods,Personal Products,Personal Care,Success,10/22/2025 22:34
JPPOWER,12343,Utilities,Power,Power,Power Generation,Success,10/22/2025 22:34
SAFARI,10374,Consumer Discretionary,Consumer Durables,Consumer Durables,Plastic Products - Consumer,Success,10/22/2025 22:34
CANFINHOME,11244,Financial Services,Financial Services,Finance,Housing Finance Company,Success,10/22/2025 22:34
NIACL,30926,Financial Services,Financial Services,Insurance,General Insurance,Success,10/22/2025 22:34
PREMIERENE,47995,Industrials,Capital Goods,Electrical Equipment,Other Electrical Equipment,Success,10/22/2025 22:34
HONASA,9091,Fast Moving Consumer Goods,Fast Moving Consumer Goods,Personal Products,Personal Care,Success,10/22/2025 22:34
MAHABANK,46172,Financial Services,Financial Services,Banks,Public Sector Bank,Success,10/22/2025 22:34
INGERRAND,12394,Industrials,Capital Goods,Industrial Products,"Compressors, Pumps & Diesel Engines",Success,10/22/2025 22:34
ABREL,18354,Commodities,Forest Materials,"Paper, Forest & Jute Products",Paper & Paper Products,Success,10/22/2025 22:34
CREDITACC,20719,Financial Services,Financial Services,Finance,Microfinance Institutions,Success,10/22/2025 22:34
DEEPAKNTR,24150,Commodities,Chemicals,Chemicals & Petrochemicals,Specialty Chemicals,Success,10/22/2025 22:34
VBL,155385,Fast Moving Consumer Goods,Fast Moving Consumer Goods,Beverages,Other Beverages,Success,10/22/2025 22:34
SUNDRMFAST,20623,Consumer Discretionary,Automobile and Auto Components,Auto Components,Auto Components & Equipments,Success,10/22/2025 22:34
IDEA,97509,Telecommunication,Telecommunication,Telecom - Services,Telecom - Cellular & Fixed line services,Success,10/22/2025 22:35
COCHINSHIP,47586,Industrials,Capital Goods,Industrial Manufacturing,Ship Building & Allied Services,Success,10/22/2025 22:35
ASTERDM,37458,Healthcare,Healthcare,Healthcare Services,Hospital,Success,10/22/2025 22:35
JKTYRE,11542,Consumer Discretionary,Automobile and Auto Components,Auto Components,Tyres & Rubber Products,Success,10/22/2025 22:35
AARTIIND,13601,Commodities,Chemicals,Chemicals & Petrochemicals,Specialty Chemicals,Success,10/22/2025 22:35
RECLTD,99312,Financial Services,Financial Services,Finance,Financial Institution,Success,10/22/2025 22:35
JSWSTEEL,281839,Commodities,Metals & Mining,Ferrous Metals,Iron & Steel,Success,10/22/2025 22:35
SJVN,35286,Utilities,Power,Power,Power Generation,Success,10/22/2025 22:35
NAVINFLUOR,26569,Commodities,Chemicals,Chemicals & Petrochemicals,Specialty Chemicals,Success,10/22/2025 22:35
TEGA,12826,Industrials,Capital Goods,Industrial Manufacturing,Industrial Products,Success,10/22/2025 22:35
FACT,57816,Commodities,Chemicals,Fertilizers & Agrochemicals,Fertilizers,Success,10/22/2025 22:35
BELRISE,13444,Consumer Discretionary,Automobile and Auto Components,Auto Components,Auto Components & Equipments,Success,10/22/2025 22:35
M&M,450307,Consumer Discretionary,Automobile and Auto Components,Automobiles,Passenger Cars & Utility Vehicles,Success,10/22/2025 22:35
TATATECH,27791,Information Technology,Information Technology,IT - Services,IT Enabled Services,Success,10/22/2025 22:35
IEX,12407,Financial Services,Financial Services,Capital Markets,Exchange and Data Platform,Success,10/22/2025 22:35
AKZOINDIA,15350,Consumer Discretionary,Consumer Durables,Consumer Durables,Paints,Success,10/22/2025 22:35
KFINTECH,19423,Financial Services,Financial Services,Capital Markets,"Depositories, Clearing Houses and Other Intermediaries",Success,10/22/2025 22:35
LMW,16546,Industrials,Capital Goods,Industrial Manufacturing,Industrial Products,Success,10/22/2025 22:36
GRASIM,195357,Commodities,Construction Materials,Cement & Cement Products,Cement & Cement Products,Success,10/22/2025 22:36
MEDANTA,37429,Healthcare,Healthcare,Healthcare Services,Hospital,Success,10/22/2025 22:36
SHAKTIPUMP,10151,Industrials,Capital Goods,Industrial Products,"Compressors, Pumps & Diesel Engines",Success,10/22/2025 22:36
POONAWALLA,41828,Financial Services,Financial Services,Finance,Non Banking Financial Company (NBFC),Success,10/22/2025 22:36
JKCEMENT,49962,Commodities,Construction Materials,Cement & Cement Products,Cement & Cement Products,Success,10/22/2025 22:36
MGL,12743,Energy,"Oil, Gas & Consumable Fuels",Gas,LPG/CNG/PNG/LNG Supplier,Success,10/22/2025 22:36
MOTILALOFS,61627,Financial Services,Financial Services,Capital Markets,Stockbroking & Allied,Success,10/22/2025 22:36
CELLO,13581,Consumer Discretionary,Consumer Durables,Consumer Durables,Houseware,Success,10/22/2025 22:36
NATIONALUM,41756,Commodities,Metals & Mining,Non - Ferrous Metals,Aluminium,Success,10/22/2025 22:36
BLUEDART,13237,Services,Services,Transport Services,Logistics Solution Provider,Success,10/22/2025 22:36
TORNTPHARM,121527,Healthcare,Healthcare,Pharmaceuticals & Biotechnology,Pharmaceuticals,Success,10/22/2025 22:36
ADANIGREEN,168750,Utilities,Power,Power,Power Generation,Success,10/22/2025 22:36
JYOTICNC,21239,Industrials,Capital Goods,Industrial Manufacturing,Industrial Products,Success,10/22/2025 22:36
CCL,11332,Fast Moving Consumer Goods,Fast Moving Consumer Goods,Agricultural Food & other Products,Tea & Coffee,Success,10/22/2025 22:36
LATENTVIEW,8933,Information Technology,Information Technology,IT - Software,Computers - Software & Consulting,Success,10/22/2025 22:36
ENGINERSIN,11200,Industrials,Construction,Construction,Civil Construction,Success,10/22/2025 22:36
J&KBANK,11816,Financial Services,Financial Services,Banks,Private Sector Bank,Success,10/22/2025 22:36
NTPCGREEN,84727,Utilities,Power,Power,Power Generation,Success,10/22/2025 22:36
SUNDARMFIN,50516,Financial Services,Financial Services,Finance,Non Banking Financial Company (NBFC),Success,10/22/2025 22:36
JSWENERGY,92300,Utilities,Power,Power,Power Generation,Success,10/22/2025 22:37
THELEELA,14704,Consumer Discretionary,Consumer Services,Leisure Services,Hotels & Resorts,Success,10/22/2025 22:37
ZEEL,10038,Consumer Discretionary,"Media, Entertainment & Publication",Entertainment,TV Broadcasting & Software Production,Success,10/22/2025 22:37
TATACOMM,54586,Telecommunication,Telecommunication,Telecom - Services,Telecom - Cellular & Fixed line services,Success,10/22/2025 22:37
BHARTIHEXA,90635,Telecommunication,Telecommunication,Telecom - Services,Telecom - Cellular & Fixed line services,Success,10/22/2025 22:37
GODREJIND,37267,Diversified,Diversified,Diversified,Diversified,Success,10/22/2025 22:37
HINDPETRO,96901,Energy,"Oil, Gas & Consumable Fuels",Petroleum Products,Refineries & Marketing,Success,10/22/2025 22:37
CROMPTON,18583,Consumer Discretionary,Consumer Durables,Consumer Durables,Household Appliances,Success,10/22/2025 22:37
TATAMOTORS,147974,Consumer Discretionary,Automobile and Auto Components,Automobiles,Passenger Cars & Utility Vehicles,Success,10/22/2025 22:37
DRREDDY,107557,Healthcare,Healthcare,Pharmaceuticals & Biotechnology,Pharmaceuticals,Success,10/22/2025 22:37
PFIZER,24482,Healthcare,Healthcare,Pharmaceuticals & Biotechnology,Pharmaceuticals,Success,10/22/2025 22:37
KPITTECH,31592,Information Technology,Information Technology,IT - Software,Computers - Software & Consulting,Success,10/22/2025 22:37
BAJFINANCE,676073,Financial Services,Financial Services,Finance,Non Banking Financial Company (NBFC),Success,10/22/2025 22:37
SUNTV,22364,Consumer Discretionary,"Media, Entertainment & Publication",Entertainment,TV Broadcasting & Software Production,Success,10/22/2025 22:37
TRAVELFOOD,17586,Consumer Discretionary,Consumer Services,Leisure Services,Restaurants,Success,10/22/2025 22:37
KALPATARU,8082,Consumer Discretionary,Realty,Realty,"Residential, Commercial Projects",Success,10/22/2025 22:37
RPOWER,18355,Utilities,Power,Power,Power Generation,Success,10/22/2025 22:37
CRAFTSMAN,16045,Consumer Discretionary,Automobile and Auto Components,Auto Components,Auto Components & Equipments,Success,10/22/2025 22:37
ALKYLAMINE,9765,Commodities,Chemicals,Chemicals & Petrochemicals,Specialty Chemicals,Success,10/22/2025 22:38
MFSL,53175,Financial Services,Financial Services,Insurance,Life Insurance,Success,10/22/2025 22:38
BIOCON,48946,Healthcare,Healthcare,Pharmaceuticals & Biotechnology,Pharmaceuticals,Success,10/22/2025 22:38
REDINGTON,20991,Services,Services,Commercial Services & Supplies,Trading & Distributors,Success,10/22/2025 22:38
WELSPUNLIV,11908,Consumer Discretionary,Textiles,Textiles & Apparels,Other Textile Products,Success,10/22/2025 22:38
NMDC,66475,Commodities,Metals & Mining,Minerals & Mining,Industrial Minerals,Success,10/22/2025 22:38
YESBANK,71378,Financial Services,Financial Services,Banks,Private Sector Bank,Success,10/22/2025 22:38
GLAXO,46736,Healthcare,Healthcare,Pharmaceuticals & Biotechnology,Pharmaceuticals,Success,10/22/2025 22:38
KPIL,21664,Industrials,Construction,Construction,Civil Construction,Success,10/22/2025 22:38
VTL,11808,Consumer Discretionary,Textiles,Textiles & Apparels,Other Textile Products,Success,10/22/2025 22:38
TATASTEEL,215690,Commodities,Metals & Mining,Ferrous Metals,Iron & Steel,Success,10/22/2025 22:38
HDFCBANK,1548200,Financial Services,Financial Services,Banks,Private Sector Bank,Success,10/22/2025 22:38
SAILIFE,18495,Healthcare,Healthcare,Pharmaceuticals & Biotechnology,Pharmaceuticals,Success,10/22/2025 22:38
EMAMILTD,23746,Fast Moving Consumer Goods,Fast Moving Consumer Goods,Personal Products,Personal Care,Success,10/22/2025 22:38
PGHH,45020,Fast Moving Consumer Goods,Fast Moving Consumer Goods,Personal Products,Personal Care,Success,10/22/2025 22:38
AJANTPHARM,30579,Healthcare,Healthcare,Pharmaceuticals & Biotechnology,Pharmaceuticals,Success,10/22/2025 22:38
MAPMYINDIA,10120,Information Technology,Information Technology,IT - Software,Software Products,Success,10/22/2025 22:38
BDL,56513,Industrials,Capital Goods,Aerospace & Defense,Aerospace & Defense,Success,10/22/2025 22:38
ANURAS,12501,Commodities,Chemicals,Chemicals & Petrochemicals,Specialty Chemicals,Success,10/22/2025 22:38
AVALON,8105,Industrials,Capital Goods,Electrical Equipment,Other Electrical Equipment,Success,10/22/2025 22:38
FORTIS,82887,Healthcare,Healthcare,Healthcare Services,Hospital,Success,10/22/2025 22:38
PGHL,10245,Healthcare,Healthcare,Pharmaceuticals & Biotechnology,Pharmaceuticals,Success,10/22/2025 22:39
ADANIPORTS,318296,Services,Services,Transport Infrastructure,Port & Port services,Success,10/22/2025 22:39
CHENNPETRO,11605,Energy,"Oil, Gas & Consumable Fuels",Petroleum Products,Refineries & Marketing,Success,10/22/2025 22:39
NAUKRI,85397,Consumer Discretionary,Consumer Services,Retailing,Internet & Catalogue Retail,Success,10/22/2025 22:39
METROBRAND,31589,Consumer Discretionary,Consumer Durables,Consumer Durables,Footwear,Success,10/22/2025 22:39
JINDALSTEL,103008,Commodities,Metals & Mining,Ferrous Metals,Iron & Steel,Success,10/22/2025 22:39
ATGL,68551,Energy,"Oil, Gas & Consumable Fuels",Gas,LPG/CNG/PNG/LNG Supplier,Success,10/22/2025 22:39
ITI,32223,Telecommunication,Telecommunication,Telecom -  Equipment & Accessories,Telecom -  Equipment & Accessories,Success,10/22/2025 22:39
OFSS,74943,Information Technology,Information Technology,IT - Software,Software Products,Success,10/22/2025 22:39
BBTC,14350,Fast Moving Consumer Goods,Fast Moving Consumer Goods,Food Products,Packaged Foods,Success,10/22/2025 22:39
ALIVUS,11341,Healthcare,Healthcare,Pharmaceuticals & Biotechnology,Pharmaceuticals,Success,10/22/2025 22:39
LT,534844,Industrials,Construction,Construction,Civil Construction,Success,10/22/2025 22:39
ACE,13302,Industrials,Capital Goods,"Agricultural, Commercial & Construction Vehicles",Construction Vehicles,Success,10/22/2025 22:39
BPCL,147097,Energy,"Oil, Gas & Consumable Fuels",Petroleum Products,Refineries & Marketing,Success,10/22/2025 22:39
FINPIPE,11896,Industrials,Capital Goods,Industrial Products,Plastic Products - Industrial,Success,10/22/2025 22:39
3MINDIA,33573,Diversified,Diversified,Diversified,Diversified,Success,10/22/2025 22:40
NAVA,17721,Utilities,Power,Power,Power Generation,Success,10/22/2025 22:40
AGARWALEYE,17153,Healthcare,Healthcare,Healthcare Services,Hospital,Success,10/22/2025 22:40
UBL,47537,Fast Moving Consumer Goods,Fast Moving Consumer Goods,Beverages,Breweries & Distilleries,Success,10/22/2025 22:40
TIMETECHNO,10109,Industrials,Capital Goods,Industrial Products,Plastic Products - Industrial,Success,10/22/2025 22:40
BANKINDIA,59303,Financial Services,Financial Services,Banks,Public Sector Bank,Success,10/22/2025 22:40
ZFCVINDIA,24807,Consumer Discretionary,Automobile and Auto Components,Auto Components,Auto Components & Equipments,Success,10/22/2025 22:40
PIDILITIND,155914,Commodities,Chemicals,Chemicals & Petrochemicals,Specialty Chemicals,Success,10/22/2025 22:40
AADHARHFC,22332,Financial Services,Financial Services,Finance,Housing Finance Company,Success,10/22/2025 22:40
DABUR,89820,Fast Moving Consumer Goods,Fast Moving Consumer Goods,Personal Products,Personal Care,Success,10/22/2025 22:40
VEDL,185998,Commodities,Metals & Mining,Diversified Metals,Diversified Metals,Success,10/22/2025 22:40
IRB,26107,Industrials,Construction,Construction,Civil Construction,Success,10/22/2025 22:40
FLUOROCHEM,41250,Commodities,Chemicals,Chemicals & Petrochemicals,Specialty Chemicals,Success,10/22/2025 22:40
VARROC,9545,Consumer Discretionary,Automobile and Auto Components,Auto Components,Auto Components & Equipments,Success,10/22/2025 22:40
JWL,13726,Industrials,Capital Goods,Industrial Manufacturing,Railway Wagons,Success,10/22/2025 22:40
BHEL,81689,Industrials,Capital Goods,Electrical Equipment,Heavy Electrical Equipment,Success,10/22/2025 22:40
LAURUSLABS,49874,Healthcare,Healthcare,Pharmaceuticals & Biotechnology,Pharmaceuticals,Success,10/22/2025 22:40
AMBUJACEM,140276,Commodities,Construction Materials,Cement & Cement Products,Cement & Cement Products,Success,10/22/2025 22:40
DELHIVERY,35629,Services,Services,Transport Services,Logistics Solution Provider,Success,10/22/2025 22:41
KRBL,8780,Fast Moving Consumer Goods,Fast Moving Consumer Goods,Agricultural Food & other Products,Other Agricultural Products,Success,10/22/2025 22:41
JIOFIN,198095,Financial Services,Financial Services,Finance,Investment Company,Success,10/22/2025 22:41
PARADEEP,14586,Commodities,Chemicals,Fertilizers & Agrochemicals,Fertilizers,Success,10/22/2025 22:41
HONAUT,32231,Industrials,Capital Goods,Industrial Manufacturing,Industrial Products,Success,10/22/2025 22:41
NCC,13145,Industrials,Construction,Construction,Civil Construction,Success,10/22/2025 22:41
BERGEPAINT,63122,Consumer Discretionary,Consumer Durables,Consumer Durables,Paints,Success,10/22/2025 22:41
IRCON,16060,Industrials,Construction,Construction,Civil Construction,Success,10/22/2025 22:41
TECHM,141917,Information Technology,Information Technology,IT - Software,Computers - Software & Consulting,Success,10/22/2025 22:41
RAILTEL,11892,Telecommunication,Telecommunication,Telecom - Services,Other Telecom Services,Success,10/22/2025 22:41
DIXON,97560,Consumer Discretionary,Consumer Durables,Consumer Durables,Consumer Electronics,Success,10/22/2025 22:41
CHOLAHLDNG,34867,Financial Services,Financial Services,Finance,Investment Company,Success,10/22/2025 22:41
BEL,305329,Industrials,Capital Goods,Aerospace & Defense,Aerospace & Defense,Success,10/22/2025 22:41
ASHOKLEY,80020,Industrials,Capital Goods,"Agricultural, Commercial & Construction Vehicles",Commercial Vehicles,Success,10/22/2025 22:42
SANOFICONR,10852,Healthcare,Healthcare,Pharmaceuticals & Biotechnology,Pharmaceuticals,Success,10/22/2025 22:42
TCI,9392,Services,Services,Transport Services,Logistics Solution Provider,Success,10/22/2025 22:42
CHOICEIN,16870,Financial Services,Financial Services,Finance,Holding Company,Success,10/22/2025 22:42
HINDCOPPER,33488,Commodities,Metals & Mining,Non - Ferrous Metals,Copper,Success,10/22/2025 22:42
ADANIPOWER,329344,Utilities,Power,Power,Integrated Power Utilities,Success,10/22/2025 22:42
IKS,26594,Information Technology,Information Technology,IT - Services,IT Enabled Services,Success,10/22/2025 22:42
JBMA,15499,Consumer Discretionary,Automobile and Auto Components,Auto Components,Auto Components & Equipments,Success,10/22/2025 22:42
BAYERCROP,22513,Commodities,Chemicals,Fertilizers & Agrochemicals,Pesticides & Agrochemicals,Success,10/22/2025 22:42
CAMS,19010,Financial Services,Financial Services,Capital Markets,"Depositories, Clearing Houses and Other Intermediaries",Success,10/22/2025 22:42
CDSL,33524,Financial Services,Financial Services,Capital Markets,"Depositories, Clearing Houses and Other Intermediaries",Success,10/22/2025 22:42
SAREGAMA,8798,Consumer Discretionary,"Media, Entertainment & Publication",Entertainment,Media & Entertainment,Success,10/22/2025 22:42
ESCORTS,41436,Industrials,Capital Goods,"Agricultural, Commercial & Construction Vehicles",Tractors,Success,10/22/2025 22:42
GESHIP,14791,Services,Services,Transport Services,Shipping,Success,10/22/2025 22:42
SHYAMMETL,25878,Industrials,Capital Goods,Industrial Products,Iron & Steel Products,Success,10/22/2025 22:42
BLUEJET,11497,Healthcare,Healthcare,Pharmaceuticals & Biotechnology,Pharmaceuticals,Success,10/22/2025 22:42
SHREECEM,104454,Commodities,Construction Materials,Cement & Cement Products,Cement & Cement Products,Success,10/22/2025 22:42
LGEINDIA,113301,Consumer Discretionary,Consumer Durables,Consumer Durables,Household Appliances,Success,10/22/2025 22:42
MSUMI,30877,Consumer Discretionary,Automobile and Auto Components,Auto Components,Auto Components & Equipments,Success,10/22/2025 22:42
GSPL,17595,Energy,"Oil, Gas & Consumable Fuels",Gas,Gas Transmission/Marketing,Success,10/22/2025 22:43
UNIONBANK,108138,Financial Services,Financial Services,Banks,Public Sector Bank,Success,10/22/2025 22:43
WAAREEENER,101086,Industrials,Capital Goods,Electrical Equipment,Other Electrical Equipment,Success,10/22/2025 22:43
APARINDS,34480,Industrials,Capital Goods,Electrical Equipment,Other Electrical Equipment,Success,10/22/2025 22:43
PAYTM,83608,Financial Services,Financial Services,Financial Technology (Fintech),Financial Technology (Fintech),Success,10/22/2025 22:43
KEC,22740,Industrials,Construction,Construction,Civil Construction,Success,10/22/2025 22:43
AEGISVOPAK,31484,Energy,"Oil, Gas & Consumable Fuels",Oil,Oil Storage & Transportation,Success,10/22/2025 22:43
IDBI,101395,Financial Services,Financial Services,Banks,Private Sector Bank,Success,10/22/2025 22:43
FORCEMOT,23148,Consumer Discretionary,Automobile and Auto Components,Automobiles,Passenger Cars & Utility Vehicles,Success,10/22/2025 22:43
SIEMENS,110501,Industrials,Capital Goods,Electrical Equipment,Heavy Electrical Equipment,Success,10/22/2025 22:43
GRSE,30268,Industrials,Capital Goods,Aerospace & Defense,Aerospace & Defense,Success,10/22/2025 22:43
HDFCLIFE,160348,Financial Services,Financial Services,Insurance,Life Insurance,Success,10/22/2025 22:43
CASTROLIND,19828,Energy,"Oil, Gas & Consumable Fuels",Petroleum Products,Lubricants,Success,10/22/2025 22:43
IFCI,15137,Financial Services,Financial Services,Finance,Financial Institution,Success,10/22/2025 22:43
SHRIRAMFIN,130784,Financial Services,Financial Services,Finance,Non Banking Financial Company (NBFC),Success,10/22/2025 22:43
COROMANDEL,64263,Commodities,Chemicals,Fertilizers & Agrochemicals,Fertilizers,Success,10/22/2025 22:43
BRIGADE,23980,Consumer Discretionary,Realty,Realty,"Residential, Commercial Projects",Success,10/22/2025 22:43
IOC,217651,Energy,"Oil, Gas & Consumable Fuels",Petroleum Products,Refineries & Marketing,Success,10/22/2025 22:43
TVSMOTOR,173801,Consumer Discretionary,Automobile and Auto Components,Automobiles,2/3 Wheelers,Success,10/22/2025 22:43
APLAPOLLO,48645,Industrials,Capital Goods,Industrial Products,Iron & Steel Products,Success,10/22/2025 22:43
INDHOTEL,105939,Consumer Discretionary,Consumer Services,Leisure Services,Hotels & Resorts,Success,10/22/2025 22:43
CGCL,18607,Financial Services,Financial Services,Finance,Non Banking Financial Company (NBFC),Success,10/22/2025 22:43
SOLARINDS,127654,Commodities,Chemicals,Chemicals & Petrochemicals,Explosives,Success,10/22/2025 22:43
ABB,111040,Industrials,Capital Goods,Electrical Equipment,Heavy Electrical Equipment,Success,10/22/2025 22:44
SONACOMS,28720,Consumer Discretionary,Automobile and Auto Components,Auto Components,Auto Components & Equipments,Success,10/22/2025 22:44
FEDERALBNK,55939,Financial Services,Financial Services,Banks,Private Sector Bank,Success,10/22/2025 22:44
NESTLEIND,248232,Fast Moving Consumer Goods,Fast Moving Consumer Goods,Food Products,Packaged Foods,Success,10/22/2025 22:44
TANLA,8454,Information Technology,Information Technology,IT - Software,Software Products,Success,10/22/2025 22:44
AFCONS,16460,Industrials,Construction,Construction,Civil Construction,Success,10/22/2025 22:44
GLENMARK,52360,Healthcare,Healthcare,Pharmaceuticals & Biotechnology,Pharmaceuticals,Success,10/22/2025 22:44
POWERGRID,268415,Utilities,Power,Power,Power - Transmission,Success,10/22/2025 22:44
SHRIPISTON,11868,Consumer Discretionary,Automobile and Auto Components,Auto Components,Auto Components & Equipments,Success,10/22/2025 22:44
GRINFRA,11366,Industrials,Construction,Construction,Civil Construction,Success,10/22/2025 22:44
VENTIVE,17888,Consumer Discretionary,Consumer Services,Leisure Services,Hotels & Resorts,Success,10/22/2025 22:44
EXIDEIND,33945,Consumer Discretionary,Automobile and Auto Components,Auto Components,Auto Components & Equipments,Success,10/22/2025 22:44
PFC,131493,Financial Services,Financial Services,Finance,Financial Institution,Success,10/22/2025 22:44
COALINDIA,241024,Energy,"Oil, Gas & Consumable Fuels",Consumable Fuels,Coal,Success,10/22/2025 22:44
NLCINDIA,37093,Utilities,Power,Power,Power Generation,Success,10/22/2025 22:44
RITES,11932,Industrials,Construction,Construction,Civil Construction,Success,10/22/2025 22:44
LTTS,44566,Information Technology,Information Technology,IT - Services,IT Enabled Services,Success,10/22/2025 22:44
TIINDIA,60563,Consumer Discretionary,Automobile and Auto Components,Auto Components,Auto Components & Equipments,Success,10/22/2025 22:44
LTF,66994,Financial Services,Financial Services,Finance,Non Banking Financial Company (NBFC),Success,10/22/2025 22:44
SUNPHARMA,405608,Healthcare,Healthcare,Pharmaceuticals & Biotechnology,Pharmaceuticals,Success,10/22/2025 22:44
IGL,29039,Energy,"Oil, Gas & Consumable Fuels",Gas,LPG/CNG/PNG/LNG Supplier,Success,10/22/2025 22:44
DBREALTY,8214,Consumer Discretionary,Consumer Services,Leisure Services,Hotels & Resorts,Success,10/22/2025 22:44
HEROMOTOCO,112968,Consumer Discretionary,Automobile and Auto Components,Automobiles,2/3 Wheelers,Success,10/22/2025 22:44
AUROPHARMA,64483,Healthcare,Healthcare,Pharmaceuticals & Biotechnology,Pharmaceuticals,Success,10/22/2025 22:44
LICHSGFIN,31554,Financial Services,Financial Services,Finance,Housing Finance Company,Success,10/22/2025 22:44
STARHEALTH,29139,Financial Services,Financial Services,Insurance,General Insurance,Success,10/22/2025 22:45
IRFC,163618,Financial Services,Financial Services,Finance,Financial Institution,Success,10/22/2025 22:45
POWERINDIA,77855,Industrials,Capital Goods,Electrical Equipment,Heavy Electrical Equipment,Success,10/22/2025 22:45
APLLTD,18335,Healthcare,Healthcare,Pharmaceuticals & Biotechnology,Pharmaceuticals,Success,10/22/2025 22:45
TARIL,14483,Industrials,Capital Goods,Electrical Equipment,Heavy Electrical Equipment,Success,10/22/2025 22:45
BRITANNIA,146327,Fast Moving Consumer Goods,Fast Moving Consumer Goods,Food Products,Packaged Foods,Success,10/22/2025 22:45
SAIL,53676,Commodities,Metals & Mining,Ferrous Metals,Iron & Steel,Success,10/22/2025 22:45
EICHERMOT,192502,Consumer Discretionary,Automobile and Auto Components,Automobiles,2/3 Wheelers,Success,10/22/2025 22:45
KAYNES,46033,Industrials,Capital Goods,Industrial Manufacturing,Industrial Products,Success,10/22/2025 22:45
ADANIENT,294305,Commodities,Metals & Mining,Metals & Minerals Trading,Trading - Minerals,Success,10/22/2025 22:45
GODREJPROP,69082,Consumer Discretionary,Realty,Realty,"Residential, Commercial Projects",Success,10/22/2025 22:45
SBILIFE,184573,Financial Services,Financial Services,Insurance,Life Insurance,Success,10/22/2025 22:45
AEGISLOG,28173,Energy,"Oil, Gas & Consumable Fuels",Gas,Trading - Gas,Success,10/22/2025 22:45
VINATIORGA,17556,Commodities,Chemicals,Chemicals & Petrochemicals,Specialty Chemicals,Success,10/22/2025 22:45
BATAINDIA,14980,Consumer Discretionary,Consumer Durables,Consumer Durables,Footwear,Success,10/22/2025 22:45
NEWGEN,12476,Information Technology,Information Technology,IT - Software,Computers - Software & Consulting,Success,10/22/2025 22:45
CONCOR,40678,Services,Services,Transport Services,Logistics Solution Provider,Success,10/22/2025 22:45
APTUS,15778,Financial Services,Financial Services,Finance,Housing Finance Company,Success,10/22/2025 22:45
UTIAMC,17193,Financial Services,Financial Services,Capital Markets,Asset Management Company,Success,10/22/2025 22:45
HDBFS,61417,Financial Services,Financial Services,Finance,Non Banking Financial Company (NBFC),Success,10/22/2025 22:45
WIPRO,253039,Information Technology,Information Technology,IT - Software,Computers - Software & Consulting,Success,10/22/2025 22:45
GMRAIRPORT,97153,Services,Services,Transport Infrastructure,Airport & Airport services,Success,10/22/2025 22:45
SBIN,838002,Financial Services,Financial Services,Banks,Public Sector Bank,Success,10/22/2025 22:46
APOLLOHOSP,115200,Healthcare,Healthcare,Healthcare Services,Hospital,Success,10/22/2025 22:46
LICI,564253,Financial Services,Financial Services,Insurance,Life Insurance,Success,10/22/2025 22:46
BIKAJI,18383,Fast Moving Consumer Goods,Fast Moving Consumer Goods,Food Products,Packaged Foods,Success,10/22/2025 22:46
AAVAS,12830,Financial Services,Financial Services,Finance,Housing Finance Company,Success,10/22/2025 22:46
BLUESTONE,10800,Consumer Discretionary,Consumer Durables,Consumer Durables,"Gems, Jewellery And Watches",Success,10/22/2025 22:46
UPL,57425,Commodities,Chemicals,Fertilizers & Agrochemicals,Pesticides & Agrochemicals,Success,10/22/2025 22:46
VMM,69169,Consumer Discretionary,Consumer Services,Retailing,Diversified Retail,Success,10/22/2025 22:46
AMBER,28982,Consumer Discretionary,Consumer Durables,Consumer Durables,Household Appliances,Success,10/22/2025 22:46
GVT&D,75781,Industrials,Capital Goods,Electrical Equipment,Heavy Electrical Equipment,Success,10/22/2025 22:46
GODIGIT,32676,Financial Services,Financial Services,Insurance,General Insurance,Success,10/22/2025 22:46
NTPC,331626,Utilities,Power,Power,Power Generation,Success,10/22/2025 22:46
ASTRAMICRO,10490,Industrials,Capital Goods,Aerospace & Defense,Aerospace & Defense,Success,10/22/2025 22:46
KSB,14088,Industrials,Capital Goods,Industrial Products,"Compressors, Pumps & Diesel Engines",Success,10/22/2025 22:46
PSB,21847,Financial Services,Financial Services,Banks,Public Sector Bank,Success,10/22/2025 22:46
MRF,68571,Consumer Discretionary,Automobile and Auto Components,Auto Components,Tyres & Rubber Products,Success,10/22/2025 22:46
MAHSCOOTER,19662,Financial Services,Financial Services,Finance,Investment Company,Success,10/22/2025 22:46
METROPOLIS,10002,Healthcare,Healthcare,Healthcare Services,Healthcare Service Provider,Success,10/22/2025 22:46
OBEROIRLTY,61776,Consumer Discretionary,Realty,Realty,"Residential, Commercial Projects",Success,10/22/2025 22:46
JUBLFOOD,38977,Consumer Discretionary,Consumer Services,Leisure Services,Restaurants,Success,10/22/2025 22:46
IIFL,21240,Financial Services,Financial Services,Finance,Non Banking Financial Company (NBFC),Success,10/22/2025 22:46
ETERNAL,326495,Consumer Discretionary,Consumer Services,Retailing,E-Retail/ E-Commerce,Success,10/22/2025 22:46
DMART,278156,Consumer Discretionary,Consumer Services,Retailing,Diversified Retail,Success,10/22/2025 22:46
JBCHEPHARM,26477,Healthcare,Healthcare,Pharmaceuticals & Biotechnology,Pharmaceuticals,Success,10/22/2025 22:46
GAIL,117293,Energy,"Oil, Gas & Consumable Fuels",Gas,Gas Transmission/Marketing,Success,10/22/2025 22:46
ULTRACEMCO,363693,Commodities,Construction Materials,Cement & Cement Products,Cement & Cement Products,Success,10/22/2025 22:47
BOSCHLTD,115615,Consumer Discretionary,Automobile and Auto Components,Auto Components,Auto Components & Equipments,Success,10/22/2025 22:47
HAL,324904,Industrials,Capital Goods,Aerospace & Defense,Aerospace & Defense,Success,10/22/2025 22:47
KEI,39615,Industrials,Capital Goods,Industrial Products,Cables - Electricals,Success,10/22/2025 22:47
SIGNATURE,15071,Consumer Discretionary,Realty,Realty,"Residential, Commercial Projects",Success,10/22/2025 22:47
ITC,517212,Fast Moving Consumer Goods,Fast Moving Consumer Goods,Diversified FMCG,Diversified FMCG,Success,10/22/2025 22:47
SUPREMEIND,53229,Industrials,Capital Goods,Industrial Products,Plastic Products - Industrial,Success,10/22/2025 22:47
ADANIENSOL,112494,Utilities,Power,Power,Power Distribution,Success,10/22/2025 22:47
INDIANB,109549,Financial Services,Financial Services,Banks,Public Sector Bank,Success,10/22/2025 22:47
CEMPRO,13706,Industrials,Construction,Construction,Civil Construction,Success,10/22/2025 22:47
BAJAJ-AUTO,254627,Consumer Discretionary,Automobile and Auto Components,Automobiles,2/3 Wheelers,Success,10/22/2025 22:47
NETWEB,22067,Information Technology,Information Technology,IT - Services,IT Enabled Services,Success,10/22/2025 22:47
ANGELONE,22659,Financial Services,Financial Services,Capital Markets,Stockbroking & Allied,Success,10/22/2025 22:47
LODHA,118303,Consumer Discretionary,Realty,Realty,"Residential, Commercial Projects",Success,10/22/2025 22:47
IREDA,43021,Financial Services,Financial Services,Finance,Financial Institution,Success,10/22/2025 22:47
LUPIN,88716,Healthcare,Healthcare,Pharmaceuticals & Biotechnology,Pharmaceuticals,Success,10/22/2025 22:47
MINDACORP,13794,Consumer Discretionary,Automobile and Auto Components,Auto Components,Auto Components & Equipments,Success,10/22/2025 22:47
MCX,46852,Financial Services,Financial Services,Capital Markets,Exchange and Data Platform,Success,10/22/2025 22:47
HAVELLS,93091,Consumer Discretionary,Consumer Durables,Consumer Durables,Consumer Electronics,Success,10/22/2025 22:47
OIL,66138,Energy,"Oil, Gas & Consumable Fuels",Oil,Oil Exploration & Production,Success,10/22/2025 22:47
HINDUNILVR,608944,Fast Moving Consumer Goods,Fast Moving Consumer Goods,Diversified FMCG,Diversified FMCG,Success,10/22/2025 22:47
ASTRAL,38863,Industrials,Capital Goods,Industrial Products,Plastic Products - Industrial,Success,10/22/2025 22:47
CUB,16758,Financial Services,Financial Services,Banks,Private Sector Bank,Success,10/22/2025 22:47
RELIANCE,1982777,Energy,"Oil, Gas & Consumable Fuels",Petroleum Products,Refineries & Marketing,Success,10/22/2025 22:48
SUDARSCHEM,9681,Commodities,Chemicals,Chemicals & Petrochemicals,Dyes And Pigments,Success,10/22/2025 22:48
GLAND,31674,Healthcare,Healthcare,Pharmaceuticals & Biotechnology,Pharmaceuticals,Success,10/22/2025 22:48
RHIM,9338,Industrials,Capital Goods,Industrial Products,Electrodes & Refractories,Success,10/22/2025 22:48
INOXINDIA,10851,Industrials,Capital Goods,Industrial Products,Other Industrial Products,Success,10/22/2025 22:48
SBICARD,89131,Financial Services,Financial Services,Finance,Non Banking Financial Company (NBFC),Success,10/22/2025 22:48
CUMMINSIND,110905,Industrials,Capital Goods,Industrial Products,"Compressors, Pumps & Diesel Engines",Success,10/22/2025 22:48
GODFRYPHLP,53021,Fast Moving Consumer Goods,Fast Moving Consumer Goods,Cigarettes & Tobacco Products,Cigarettes & Tobacco Products,Success,10/22/2025 22:48
PGEL,16567,Consumer Discretionary,Consumer Durables,Consumer Durables,Consumer Electronics,Success,10/22/2025 22:48
PETRONET,41790,Energy,"Oil, Gas & Consumable Fuels",Gas,LPG/CNG/PNG/LNG Supplier,Success,10/22/2025 22:48
HDFCAMC,122143,Financial Services,Financial Services,Capital Markets,Asset Management Company,Success,10/22/2025 22:48
TATACONSUM,116232,Fast Moving Consumer Goods,Fast Moving Consumer Goods,Agricultural Food & other Products,Tea & Coffee,Success,10/22/2025 22:48
ARVIND,8046,Consumer Discretionary,Textiles,Textiles & Apparels,Garments & Apparels,Success,10/22/2025 22:48
PRIVISCL,11246,Commodities,Chemicals,Chemicals & Petrochemicals,Specialty Chemicals,Success,10/22/2025 22:48
OLECTRA,11816,Consumer Discretionary,Automobile and Auto Components,Automobiles,Passenger Cars & Utility Vehicles,Success,10/22/2025 22:48
CGPOWER,116375,Industrials,Capital Goods,Electrical Equipment,Heavy Electrical Equipment,Success,10/22/2025 22:48
ABCAPITAL,79646,Financial Services,Financial Services,Finance,Investment Company,Success,10/22/2025 22:48
MARUTI,515494,Consumer Discretionary,Automobile and Auto Components,Automobiles,Passenger Cars & Utility Vehicles,Success,10/22/2025 22:48
ALKEM,66329,Healthcare,Healthcare,Pharmaceuticals & Biotechnology,Pharmaceuticals,Success,10/22/2025 22:48
INDUSINDBK,59089,Financial Services,Financial Services,Banks,Private Sector Bank,Success,10/22/2025 22:48
CHOLAFIN,140913,Financial Services,Financial Services,Finance,Non Banking Financial Company (NBFC),Success,10/22/2025 22:48
HINDALCO,176396,Commodities,Metals & Mining,Non - Ferrous Metals,Aluminium,Success,10/22/2025 22:48
PIIND,53512,Commodities,Chemicals,Fertilizers & Agrochemicals,Pesticides & Agrochemicals,Success,10/22/2025 22:49
ICICIGI,99864,Financial Services,Financial Services,Insurance,General Insurance,Success,10/22/2025 22:49
TITAGARH,11869,Industrials,Capital Goods,Industrial Manufacturing,Railway Wagons,Success,10/22/2025 22:49
IXIGO,14314,Consumer Discretionary,Consumer Services,Leisure Services,"Tour, Travel Related Services",Success,10/22/2025 22:49
MAZDOCK,114225,Industrials,Capital Goods,Industrial Manufacturing,Ship Building & Allied Services,Success,10/22/2025 22:49
KIRLOSBROS,15648,Industrials,Capital Goods,Industrial Products,"Compressors, Pumps & Diesel Engines",Success,10/22/2025 22:49
EMBDL,12948,Consumer Discretionary,Realty,Realty,"Residential, Commercial Projects",Success,10/22/2025 22:49
IDFCFIRSTB,62583,Financial Services,Financial Services,Banks,Private Sector Bank,Success,10/22/2025 22:49
TITAN,331055,Consumer Discretionary,Consumer Durables,Consumer Durables,"Gems, Jewellery And Watches",Success,10/22/2025 22:49
DCMSHRIRAM,19377,Diversified,Diversified,Diversified,Diversified,Success,10/22/2025 22:49
VGUARD,15877,Consumer Discretionary,Consumer Durables,Consumer Durables,Household Appliances,Success,10/22/2025 22:49
TRENT,170318,Consumer Discretionary,Consumer Services,Retailing,Speciality Retail,Success,10/22/2025 22:49
ZENSARTECH,17730,Information Technology,Information Technology,IT - Software,Computers - Software & Consulting,Success,10/22/2025 22:49
PRESTIGE,73801,Consumer Discretionary,Realty,Realty,"Residential, Commercial Projects",Success,10/22/2025 22:49
GODREJCP,115999,Fast Moving Consumer Goods,Fast Moving Consumer Goods,Personal Products,Personal Care,Success,10/22/2025 22:49
ICICIPRULI,86128,Financial Services,Financial Services,Insurance,Life Insurance,Success,10/22/2025 22:49
NYKAA,73495,Consumer Discretionary,Consumer Services,Retailing,E-Retail/ E-Commerce,Success,10/22/2025 22:49
NHPC,86739,Utilities,Power,Power,Power Generation,Success,10/22/2025 22:49
MPHASIS,52145,Information Technology,Information Technology,IT - Software,Computers - Software & Consulting,Success,10/22/2025 22:49
BSE,101182,Financial Services,Financial Services,Capital Markets,Exchange and Data Platform,Success,10/22/2025 22:49
TATAPOWER,127430,Utilities,Power,Power,Integrated Power Utilities,Success,10/22/2025 22:49
ONGC,312142,Energy,"Oil, Gas & Consumable Fuels",Oil,Oil Exploration & Production,Success,10/22/2025 22:49
DIVISLAB,174864,Healthcare,Healthcare,Pharmaceuticals & Biotechnology,Pharmaceuticals,Success,10/22/2025 22:49
PVRINOX,11341,Consumer Discretionary,"Media, Entertainment & Publication",Entertainment,"Film Production, Distribution & Exhibition",Success,10/22/2025 22:49
PATANJALI,64040,Fast Moving Consumer Goods,Fast Moving Consumer Goods,Agricultural Food & other Products,Edible Oil,Success,10/22/2025 22:49
PHOENIXLTD,59067,Consumer Discretionary,Realty,Realty,"Residential, Commercial Projects",Success,10/22/2025 22:50
FIRSTCRY,18973,Consumer Discretionary,Consumer Services,Retailing,E-Retail/ E-Commerce,Success,10/22/2025 22:50
HUDCO,45683,Financial Services,Financial Services,Finance,Financial Institution,Success,10/22/2025 22:50
TCS,1087850,Information Technology,Information Technology,IT - Software,Computers - Software & Consulting,Success,10/22/2025 22:50
ZYDUSLIFE,100573,Healthcare,Healthcare,Pharmaceuticals & Biotechnology,Pharmaceuticals,Success,10/22/2025 22:50
DLF,191032,Consumer Discretionary,Realty,Realty,"Residential, Commercial Projects",Success,10/22/2025 22:50
AFFLE,26453,Information Technology,Information Technology,IT - Services,IT Enabled Services,Success,10/22/2025 22:50
UNOMINDA,70630,Consumer Discretionary,Automobile and Auto Components,Auto Components,Auto Components & Equipments,Success,10/22/2025 22:50
KPRMILL,34981,Consumer Discretionary,Textiles,Textiles & Apparels,Other Textile Products,Success,10/22/2025 22:50
STARCEMENT,10583,Commodities,Construction Materials,Cement & Cement Products,Cement & Cement Products,Success,10/22/2025 22:50
KAJARIACER,19390,Consumer Discretionary,Consumer Durables,Consumer Durables,Ceramics,Success,10/22/2025 22:50
PAGEIND,46383,Consumer Discretionary,Textiles,Textiles & Apparels,Garments & Apparels,Success,10/22/2025 22:50
AVANTIFEED,9417,Fast Moving Consumer Goods,Fast Moving Consumer Goods,Food Products,Animal Feed,Success,10/22/2025 22:50
SYNGENE,25863,Healthcare,Healthcare,Healthcare Services,"Healthcare Research, Analytics & Technology",Success,10/22/2025 22:50
COFORGE,58304,Information Technology,Information Technology,IT - Software,Computers - Software & Consulting,Success,10/22/2025 22:50
BHARATFORG,59446,Consumer Discretionary,Automobile and Auto Components,Auto Components,Auto Components & Equipments,Success,10/22/2025 22:50
INDIGO,228590,Services,Services,Transport Services,Airline,Success,10/22/2025 22:50
ANANDRATHI,26493,Financial Services,Financial Services,Capital Markets,Financial Products Distributor,Success,10/22/2025 22:50
LALPATHLAB,26275,Healthcare,Healthcare,Healthcare Services,Healthcare Service Provider,Success,10/22/2025 22:50
INDIACEM,12109,Commodities,Construction Materials,Cement & Cement Products,Cement & Cement Products,Success,10/22/2025 22:50
PNB,135237,Financial Services,Financial Services,Banks,Public Sector Bank,Success,10/22/2025 22:50
TSFINV,15075,Financial Services,Financial Services,Finance,Investment Company,Success,10/22/2025 22:50
CANBK,115306,Financial Services,Financial Services,Banks,Public Sector Bank,Success,10/22/2025 22:50
VIJAYA,10269,Healthcare,Healthcare,Healthcare Services,Healthcare Service Provider,Success,10/22/2025 22:51
ACI,8058,Commodities,Chemicals,Chemicals & Petrochemicals,Specialty Chemicals,Success,10/22/2025 22:51
INDGN,13321,Healthcare,Healthcare,Healthcare Services,"Healthcare Research, Analytics & Technology",Success,10/22/2025 22:51
MOTHERSON,111212,Consumer Discretionary,Automobile and Auto Components,Auto Components,Auto Components & Equipments,Success,10/22/2025 22:51
MANKIND,100944,Healthcare,Healthcare,Pharmaceuticals & Biotechnology,Pharmaceuticals,Success,10/22/2025 22:51
BHARTIARTL,1226548,Telecommunication,Telecommunication,Telecom - Services,Telecom - Cellular & Fixed line services,Success,10/22/2025 22:51
ASTRAZEN,23266,Healthcare,Healthcare,Pharmaceuticals & Biotechnology,Pharmaceuticals,Success,10/22/2025 22:51
POLICYBZR,75500,Financial Services,Financial Services,Financial Technology (Fintech),Financial Technology (Fintech),Success,10/22/2025 22:51
CYIENT,13228,Information Technology,Information Technology,IT - Services,IT Enabled Services,Success,10/22/2025 22:51
GICRE,67808,Financial Services,Financial Services,Insurance,General Insurance,Success,10/22/2025 22:51
BLUESTARCO,40362,Consumer Discretionary,Consumer Durables,Consumer Durables,Household Appliances,Success,10/22/2025 22:51
IRCTC,57440,Consumer Discretionary,Consumer Services,Leisure Services,"Tour, Travel Related Services",Success,10/22/2025 22:51
UNITDSPR,98898,Fast Moving Consumer Goods,Fast Moving Consumer Goods,Beverages,Breweries & Distilleries,Success,10/22/2025 22:51
ASIANPAINT,240241,Consumer Discretionary,Consumer Durables,Consumer Durables,Paints,Success,10/22/2025 22:51
AUBANK,64280,Financial Services,Financial Services,Banks,Other Bank,Success,10/22/2025 22:51
MAXHEALTH,117057,Healthcare,Healthcare,Healthcare Services,Hospital,Success,10/22/2025 22:51
CHALET,20739,Consumer Discretionary,Consumer Services,Leisure Services,Hotels & Resorts,Success,10/22/2025 22:51
BANKBARODA,139730,Financial Services,Financial Services,Banks,Public Sector Bank,Success,10/22/2025 22:51
DALBHARAT,40990,Commodities,Construction Materials,Cement & Cement Products,Cement & Cement Products,Success,10/22/2025 22:51
SOBHA,16511,Consumer Discretionary,Realty,Realty,"Residential, Commercial Projects",Success,10/22/2025 22:51
ONESOURCE,21164,Healthcare,Healthcare,Pharmaceuticals & Biotechnology,Pharmaceuticals,Success,10/22/2025 22:51
HINDZINC,204442,Commodities,Metals & Mining,Non - Ferrous Metals,Zinc,Success,10/22/2025 22:51
ENDURANCE,41477,Consumer Discretionary,Automobile and Auto Components,Auto Components,Auto Components & Equipments,Success,10/22/2025 22:52
KALYANKJIL,50812,Consumer Discretionary,Consumer Durables,Consumer Durables,"Gems, Jewellery And Watches",Success,10/22/2025 22:52
ICICIBANK,987427,Financial Services,Financial Services,Banks,Private Sector Bank,Success,10/22/2025 22:52
BANDHANBNK,26741,Financial Services,Financial Services,Banks,Private Sector Bank,Success,10/22/2025 22:52
JLHL,10230,Healthcare,Healthcare,Healthcare Services,Hospital,Success,10/22/2025 22:52
CIEINDIA,16436,Consumer Discretionary,Automobile and Auto Components,Auto Components,Auto Components & Equipments,Success,10/22/2025 22:52
RBLBANK,19914,Financial Services,Financial Services,Banks,Private Sector Bank,Success,10/22/2025 22:52
JSLL,9380,Healthcare,Healthcare,Pharmaceuticals & Biotechnology,Pharmaceuticals,Success,10/22/2025 22:52
LTIM,164878,Information Technology,Information Technology,IT - Software,Computers - Software & Consulting,Success,10/22/2025 22:52
HCLTECH,403251,Information Technology,Information Technology,IT - Software,Computers - Software & Consulting,Success,10/22/2025 22:52
MANAPPURAM,24216,Financial Services,Financial Services,Finance,Non Banking Financial Company (NBFC),Success,10/22/2025 22:52
360ONE,47576,Financial Services,Financial Services,Capital Markets,Stockbroking & Allied,Success,10/22/2025 22:52
NBCC,30434,Industrials,Construction,Construction,Civil Construction,Success,10/22/2025 22:52
MEDPLUS,9128,Consumer Discretionary,Consumer Services,Retailing,Pharmacy Retail,Success,10/22/2025 22:52
MRPL,26370,Energy,"Oil, Gas & Consumable Fuels",Petroleum Products,Refineries & Marketing,Success,10/22/2025 22:52
MARICO,93717,Fast Moving Consumer Goods,Fast Moving Consumer Goods,Agricultural Food & other Products,Edible Oil,Success,10/22/2025 22:52
PERSISTENT,91497,Information Technology,Information Technology,IT - Software,Computers - Software & Consulting,Success,10/22/2025 22:52
KOTAKBANK,436902,Financial Services,Financial Services,Banks,Private Sector Bank,Success,10/22/2025 22:52
CAMPUS,8617,Consumer Discretionary,Consumer Durables,Consumer Durables,Footwear,Success,10/22/2025 22:52
TATAELXSI,33355,Information Technology,Information Technology,IT - Software,Computers - Software & Consulting,Success,10/22/2025 22:52
TBOTEK,17094,Consumer Discretionary,Consumer Services,Leisure Services,"Tour, Travel Related Services",Success,10/22/2025 22:52
POLYCAB,114484,Industrials,Capital Goods,Industrial Products,Cables - Electricals,Success,10/22/2025 22:53
SRF,93315,Commodities,Chemicals,Chemicals & Petrochemicals,Commodity Chemicals,Success,10/22/2025 22:53
GABRIEL,18409,Consumer Discretionary,Automobile and Auto Components,Auto Components,Auto Components & Equipments,Success,10/22/2025 22:53
NEULANDLAB,20870,Healthcare,Healthcare,Pharmaceuticals & Biotechnology,Pharmaceuticals,Success,10/22/2025 22:53
ERIS,21597,Healthcare,Healthcare,Pharmaceuticals & Biotechnology,Pharmaceuticals,Success,10/22/2025 22:53
CENTURYPLY,16602,Consumer Discretionary,Consumer Durables,Consumer Durables,Plywood Boards/ Laminates,Success,10/22/2025 22:53
GALLANTT,14371,Industrials,Capital Goods,Industrial Products,Iron & Steel Products,Success,10/22/2025 22:53
MUTHOOTFIN,131469,Financial Services,Financial Services,Finance,Non Banking Financial Company (NBFC),Success,10/22/2025 22:53
JMFINANCIL,16342,Financial Services,Financial Services,Finance,Holding Company,Success,10/22/2025 22:53
CANHLIFE,10319,Financial Services,Financial Services,Insurance,Life Insurance,Success,10/22/2025 22:53
HCG,10168,Healthcare,Healthcare,Healthcare Services,Hospital,Success,10/22/2025 22:53
UJJIVANSFB,9734,Financial Services,Financial Services,Banks,Other Bank,Success,10/22/2025 22:54
OLAELEC,23523,Consumer Discretionary,Automobile and Auto Components,Automobiles,2/3 Wheelers,Success,10/22/2025 22:54
