{
    "strategies": {
        "aggressive_daily": {
            "description": "Fast-moving daily momentum with tight parameters",
            "trix_parameters": {
                "length": 9,
                "signal_type": "EMA",
                "signal_length": 6,
                "multiplier": 1
            },
            "scanning_parameters": {
                "timeframe": "day",
                "lookback_days": 45,
                "zero_tolerance_percent": 3.0,
                "min_volume_ratio": 1.2,
                "min_histogram_for_strong": 0.005
            },
            "filters": {
                "only_crossovers": true,
                "only_near_zero": false,
                "min_opportunity_score": 40,
                "max_results": 20
            }
        },
        
        "conservative_weekly": {
            "description": "Slower, more reliable weekly signals for position trading",
            "trix_parameters": {
                "length": 18,
                "signal_type": "SMA",
                "signal_length": 12,
                "multiplier": 1
            },
            "scanning_parameters": {
                "timeframe": "week",
                "lookback_days": 200,
                "zero_tolerance_percent": 5.0,
                "min_volume_ratio": 0.8,
                "min_histogram_for_strong": 0.02
            },
            "filters": {
                "only_crossovers": false,
                "only_near_zero": true,
                "min_opportunity_score": 60,
                "max_results": 10
            }
        },
        
        "monthly_swing": {
            "description": "Long-term trend reversals on monthly charts",
            "trix_parameters": {
                "length": 21,
                "signal_type": "SMA",
                "signal_length": 12,
                "multiplier": 1
            },
            "scanning_parameters": {
                "timeframe": "month",
                "lookback_days": 365,
                "zero_tolerance_percent": 6.0,
                "min_volume_ratio": 0.5,
                "min_histogram_for_strong": 0.03
            },
            "filters": {
                "only_crossovers": true,
                "only_near_zero": true,
                "min_opportunity_score": 70,
                "max_results": 5
            }
        },
        
        "intraday_15min": {
            "description": "Quick intraday reversals on 15-minute charts",
            "trix_parameters": {
                "length": 7,
                "signal_type": "EMA",
                "signal_length": 5,
                "multiplier": 1
            },
            "scanning_parameters": {
                "timeframe": "15minute",
                "lookback_days": 10,
                "zero_tolerance_percent": 2.0,
                "min_volume_ratio": 1.5,
                "min_histogram_for_strong": 0.003
            },
            "filters": {
                "only_crossovers": true,
                "only_near_zero": true,
                "min_opportunity_score": 50,
                "max_results": 15
            }
        },
        
        "balanced_standard": {
            "description": "Balanced approach matching original Pine Script settings",
            "trix_parameters": {
                "length": 14,
                "signal_type": "SMA",
                "signal_length": 9,
                "multiplier": 1
            },
            "scanning_parameters": {
                "timeframe": "day",
                "lookback_days": 60,
                "zero_tolerance_percent": 4.0,
                "min_volume_ratio": 0.7,
                "min_histogram_for_strong": 0.01
            },
            "filters": {
                "only_crossovers": false,
                "only_near_zero": false,
                "min_opportunity_score": 45,
                "max_results": null
            }
        },
        
        "reversal_hunter": {
            "description": "Specialized for catching zero-line reversals",
            "trix_parameters": {
                "length": 14,
                "signal_type": "SMA",
                "signal_length": 9,
                "multiplier": 1
            },
            "scanning_parameters": {
                "timeframe": "day",
                "lookback_days": 60,
                "zero_tolerance_percent": 2.5,
                "min_volume_ratio": 1.0,
                "min_histogram_for_strong": 0.008
            },
            "filters": {
                "only_crossovers": true,
                "only_near_zero": true,
                "min_opportunity_score": 65,
                "max_results": 8
            },
            "scoring_weights": {
                "crossover": 25,
                "near_zero": 35,
                "positive_histogram": 15,
                "positive_slope": 10,
                "volume_boost": 10,
                "momentum_bonus": 5
            }
        },
        
        "momentum_rider": {
            "description": "For trending markets, catches momentum acceleration",
            "trix_parameters": {
                "length": 12,
                "signal_type": "EMA",
                "signal_length": 8,
                "multiplier": 1
            },
            "scanning_parameters": {
                "timeframe": "day",
                "lookback_days": 50,
                "zero_tolerance_percent": 10.0,
                "min_volume_ratio": 1.2,
                "min_histogram_for_strong": 0.015
            },
            "filters": {
                "only_crossovers": true,
                "only_near_zero": false,
                "min_opportunity_score": 50,
                "max_results": 15
            },
            "scoring_weights": {
                "crossover": 25,
                "near_zero": 10,
                "positive_histogram": 20,
                "positive_slope": 20,
                "volume_boost": 15,
                "momentum_bonus": 10
            }
        },
        
        "high_conviction": {
            "description": "Only the strongest signals with multiple confirmations",
            "trix_parameters": {
                "length": 14,
                "signal_type": "SMA",
                "signal_length": 9,
                "multiplier": 1
            },
            "scanning_parameters": {
                "timeframe": "day",
                "lookback_days": 60,
                "zero_tolerance_percent": 3.5,
                "min_volume_ratio": 1.3,
                "min_histogram_for_strong": 0.012
            },
            "filters": {
                "only_crossovers": true,
                "only_near_zero": true,
                "min_opportunity_score": 75,
                "max_results": 5
            },
            "scoring_weights": {
                "crossover": 30,
                "near_zero": 30,
                "positive_histogram": 15,
                "positive_slope": 10,
                "volume_boost": 10,
                "momentum_bonus": 5
            }
        }
    },
    
    "sector_specific": {
        "banking": {
            "description": "Optimized for banking stocks (slower moving)",
            "trix_parameters": {
                "length": 16,
                "signal_type": "SMA",
                "signal_length": 10,
                "multiplier": 1
            },
            "scanning_parameters": {
                "timeframe": "day",
                "lookback_days": 75,
                "zero_tolerance_percent": 4.5,
                "min_volume_ratio": 0.8,
                "min_histogram_for_strong": 0.012
            }
        },
        
        "tech_stocks": {
            "description": "For volatile tech stocks (faster parameters)",
            "trix_parameters": {
                "length": 10,
                "signal_type": "EMA",
                "signal_length": 7,
                "multiplier": 1
            },
            "scanning_parameters": {
                "timeframe": "day",
                "lookback_days": 50,
                "zero_tolerance_percent": 3.0,
                "min_volume_ratio": 1.0,
                "min_histogram_for_strong": 0.008
            }
        },
        
        "blue_chips": {
            "description": "Large cap blue chips (stable parameters)",
            "trix_parameters": {
                "length": 18,
                "signal_type": "SMA",
                "signal_length": 11,
                "multiplier": 1
            },
            "scanning_parameters": {
                "timeframe": "week",
                "lookback_days": 150,
                "zero_tolerance_percent": 5.0,
                "min_volume_ratio": 0.7,
                "min_histogram_for_strong": 0.015
            }
        }
    },
    
    "usage_instructions": {
        "how_to_use": "Copy any strategy from 'strategies' or 'sector_specific' and paste into your config.json",
        "example": "To use 'reversal_hunter', copy its parameters to config.json and adjust kite_credentials and files sections",
        "customization": "Feel free to mix and match parameters from different strategies",
        "testing": "Always backtest strategy parameters before live trading"
    }
}