symbol,timestamp,detected_market_regime,combined_sentiment,confidence_percent,trade_signal,rationale,atm_iv_percentile,pcr,term_structure_slope_percent,writer_dominant_side,current_price_change_percent,current_oi_change_percent,writer_pcr_oi
360ONE,2025-11-10 18:23:21,SidewaysLowVol,Neutral,27.5,No Trade,No qualifying setup based on current thresholds.,55,0.39399347,0.35,Strong Call Writer Resistance (Bearish),-1.07,3.1,0.41
ABB,2025-11-10 18:23:22,SidewaysLowVol,Bearish,27.3,No Trade,No qualifying setup based on current thresholds.,26,0.6711016,0.13,Moderate Call Writer Resistance (Mildly Bearish),-4.96,25.3,0.72
APLAPOLLO,2025-11-10 18:23:26,SidewaysLowVol,Neutral,28.0,No Trade,No qualifying setup based on current thresholds.,14,0.5443928,0.68,Strong Call Writer Resistance (Bearish),0.27,-4.86,0.53
AUBANK,2025-11-10 18:23:29,SidewaysLowVol,Neutral,36.9,No Trade,No qualifying setup based on current thresholds.,18,1.2882748,0.19,Moderate Put Writer Support (Mildly Bullish),4.18,-3.51,1.06
ADANIENSOL,2025-11-10 18:23:32,SidewaysLowVol,Neutral,28.9,No Trade,No qualifying setup based on current thresholds.,30,0.5093226,0.83,Strong Call Writer Resistance (Bearish),-2.0,-1.67,0.59
ADANIENT,2025-11-10 18:23:36,SidewaysLowVol,Neutral,38.1,No Trade,No qualifying setup based on current thresholds.,45,0.6818127,0.45,Moderate Call Writer Resistance (Mildly Bearish),-4.72,5.12,0.8
ADANIGREEN,2025-11-10 18:23:39,SidewaysLowVol,Bearish,26.5,No Trade,No qualifying setup based on current thresholds.,38,0.4826434,0.76,Moderate Call Writer Resistance (Mildly Bearish),-9.2,19.43,0.72
ADANIPORTS,2025-11-10 18:23:42,SidewaysLowVol,Neutral,28.8,No Trade,No qualifying setup based on current thresholds.,45,0.53312445,0.7,Strong Call Writer Resistance (Bearish),-1.15,-0.76,0.55
ABCAPITAL,2025-11-10 18:23:46,SidewaysLowVol,Neutral,36.6,No Trade,No qualifying setup based on current thresholds.,36,0.8553538,0.51,Moderate Call Writer Resistance (Mildly Bearish),2.15,-3.67,0.74
ALKEM,2025-11-10 18:23:50,SidewaysLowVol,Neutral,36.9,No Trade,No qualifying setup based on current thresholds.,86,0.9001086,0.27,Moderate Call Writer Resistance (Mildly Bearish),2.54,11.22,0.9
AMBER,2025-11-10 18:23:53,SidewaysLowVol,Bearish,24.1,No Trade,No qualifying setup based on current thresholds.,65,0.44076064,-3.02,Strong Call Writer Resistance (Bearish),-12.47,71.74,0.61
AMBUJACEM,2025-11-10 18:23:56,SidewaysLowVol,Neutral,28.4,No Trade,No qualifying setup based on current thresholds.,29,0.6691046,0.56,Strong Call Writer Resistance (Bearish),-2.42,4.31,0.66
ANGELONE,2025-11-10 18:23:59,SidewaysLowVol,Neutral,27.7,No Trade,No qualifying setup based on current thresholds.,14,0.71418864,-0.49,Strong Call Writer Resistance (Bearish),4.35,4.27,0.61
APOLLOHOSP,2025-11-10 18:24:03,SidewaysLowVol,Neutral,28.1,No Trade,No qualifying setup based on current thresholds.,34,0.43441215,0.61,Strong Call Writer Resistance (Bearish),-2.2,7.65,0.51
ASHOKLEY,2025-11-10 18:24:07,SidewaysLowVol,Neutral,27.8,No Trade,No qualifying setup based on current thresholds.,75,0.70256966,-1.29,Strong Call Writer Resistance (Bearish),2.26,0.6,0.63
ASIANPAINT,2025-11-10 18:24:10,SidewaysLowVol,Neutral,29.9,No Trade,No qualifying setup based on current thresholds.,85,0.6286876,0.46,Strong Call Writer Resistance (Bearish),5.56,1.43,0.52
ASTRAL,2025-11-10 18:24:13,SidewaysLowVol,Neutral,30.8,No Trade,No qualifying setup based on current thresholds.,27,0.67727035,0.18,Strong Call Writer Resistance (Bearish),8.65,-2.81,0.62
AUROPHARMA,2025-11-10 18:24:16,SidewaysLowVol,Neutral,27.5,No Trade,No qualifying setup based on current thresholds.,35,0.6086011,0.89,Strong Call Writer Resistance (Bearish),0.78,-1.47,0.5
DMART,2025-11-10 18:24:20,SidewaysLowVol,Neutral,27.8,No Trade,No qualifying setup based on current thresholds.,44,0.44346955,-0.27,Strong Call Writer Resistance (Bearish),-2.97,2.41,0.5
AXISBANK,2025-11-10 18:24:23,SidewaysLowVol,Neutral,28.7,No Trade,No qualifying setup based on current thresholds.,26,0.57357,0.68,Strong Call Writer Resistance (Bearish),-1.27,2.51,0.59
BSE,2025-11-10 18:24:26,SidewaysLowVol,Neutral,28.9,No Trade,No qualifying setup based on current thresholds.,70,0.7767007,0.47,Strong Call Writer Resistance (Bearish),5.02,-7.17,0.62
BAJAJ-AUTO,2025-11-10 18:24:29,SidewaysLowVol,Neutral,36.6,No Trade,No qualifying setup based on current thresholds.,28,0.6340849,0.44,Moderate Call Writer Resistance (Mildly Bearish),-1.39,5.07,0.75
BAJFINANCE,2025-11-10 18:24:33,SidewaysLowVol,Neutral,28.2,No Trade,No qualifying setup based on current thresholds.,94,0.72335154,0.56,Strong Call Writer Resistance (Bearish),4.16,-0.02,0.68
BAJAJFINSV,2025-11-10 18:24:37,SidewaysLowVol,Neutral,36.2,No Trade,No qualifying setup based on current thresholds.,85,0.691945,0.58,Moderate Call Writer Resistance (Mildly Bearish),1.59,4.73,0.77
BANDHANBNK,2025-11-10 18:24:40,SidewaysLowVol,Neutral,36.3,No Trade,No qualifying setup based on current thresholds.,33,0.52607167,0.64,Moderate Call Writer Resistance (Mildly Bearish),-2.49,7.41,0.71
BANKBARODA,2025-11-10 18:24:43,SidewaysLowVol,Neutral,36.8,No Trade,No qualifying setup based on current thresholds.,26,0.91927665,0.48,Moderate Call Writer Resistance (Mildly Bearish),2.74,-4.8,0.86
BANKINDIA,2025-11-10 18:24:46,SidewaysLowVol,Neutral,29.1,No Trade,No qualifying setup based on current thresholds.,29,0.77318114,0.58,Strong Call Writer Resistance (Bearish),2.85,-16.93,0.66
BDL,2025-11-10 18:24:50,SidewaysLowVol,Neutral,27.9,No Trade,No qualifying setup based on current thresholds.,62,0.6729744,0.63,Strong Call Writer Resistance (Bearish),-1.87,2.06,0.63
BEL,2025-11-10 18:24:53,SidewaysLowVol,Neutral,28.8,No Trade,No qualifying setup based on current thresholds.,29,0.5536906,0.7,Strong Call Writer Resistance (Bearish),-2.62,3.02,0.58
BHARATFORG,2025-11-10 18:24:57,SidewaysLowVol,Neutral,28.0,No Trade,No qualifying setup based on current thresholds.,81,0.7029636,-0.8,Strong Call Writer Resistance (Bearish),0.11,1.39,0.65
BHEL,2025-11-10 18:24:59,SidewaysLowVol,Neutral,36.1,No Trade,No qualifying setup based on current thresholds.,25,1.0413952,0.51,Moderate Call Writer Resistance (Mildly Bearish),2.68,1.1,0.79
BPCL,2025-11-10 18:25:03,SidewaysLowVol,Neutral,37.8,No Trade,No qualifying setup based on current thresholds.,14,0.9782609,0.44,Moderate Call Writer Resistance (Mildly Bearish),3.82,-5.2,0.84
BHARTIARTL,2025-11-10 18:25:06,SidewaysLowVol,Neutral,28.9,No Trade,No qualifying setup based on current thresholds.,38,0.33687896,0.73,Strong Call Writer Resistance (Bearish),-2.22,-1.03,0.34
BIOCON,2025-11-10 18:25:10,SidewaysLowVol,Neutral,27.7,No Trade,No qualifying setup based on current thresholds.,54,0.6948187,0.69,Strong Call Writer Resistance (Bearish),2.09,2.76,0.66
BLUESTARCO,2025-11-10 18:25:13,SidewaysLowVol,Bearish,18.6,No Trade,No qualifying setup based on current thresholds.,19,0.28608865,-0.02,Strong Call Writer Resistance (Bearish),-7.81,27.32,0.51
BRITANNIA,2025-11-10 18:25:17,SidewaysLowVol,Neutral,37.8,No Trade,No qualifying setup based on current thresholds.,13,0.8556898,0.74,Moderate Call Writer Resistance (Mildly Bearish),4.17,17.22,0.76
CGPOWER,2025-11-10 18:25:20,SidewaysLowVol,Neutral,36.0,No Trade,No qualifying setup based on current thresholds.,6,0.7034302,0.67,Moderate Call Writer Resistance (Mildly Bearish),0.41,1.89,0.76
CANBK,2025-11-10 18:25:24,SidewaysLowVol,Neutral,37.4,No Trade,No qualifying setup based on current thresholds.,41,1.073243,0.56,Moderate Call Writer Resistance (Mildly Bearish),2.25,-6.93,0.89
CDSL,2025-11-10 18:25:27,SidewaysLowVol,Neutral,28.4,No Trade,No qualifying setup based on current thresholds.,25,0.5755871,0.5,Strong Call Writer Resistance (Bearish),0.06,-4.16,0.6
CHOLAFIN,2025-11-10 18:25:31,SidewaysLowVol,Neutral,36.2,No Trade,No qualifying setup based on current thresholds.,20,0.9436733,-1.71,Moderate Call Writer Resistance (Mildly Bearish),2.53,3.59,0.81
CIPLA,2025-11-10 18:25:34,SidewaysLowVol,Neutral,28.1,No Trade,No qualifying setup based on current thresholds.,24,0.46248564,0.47,Strong Call Writer Resistance (Bearish),0.78,-1.59,0.6
COALINDIA,2025-11-10 18:25:38,SidewaysLowVol,Neutral,37.1,No Trade,No qualifying setup based on current thresholds.,21,0.76338756,0.69,Moderate Call Writer Resistance (Mildly Bearish),0.43,-2.95,0.7
COFORGE,2025-11-10 18:25:40,SidewaysLowVol,Neutral,27.5,No Trade,No qualifying setup based on current thresholds.,33,0.48978138,0.37,Strong Call Writer Resistance (Bearish),-0.79,-1.21,0.52
COLPAL,2025-11-10 18:25:44,SidewaysLowVol,Neutral,27.0,No Trade,No qualifying setup based on current thresholds.,12,0.64325744,0.49,Strong Call Writer Resistance (Bearish),-2.15,9.59,0.65
CAMS,2025-11-10 18:25:47,SidewaysLowVol,Neutral,28.1,Bearish Put Buy,Bearish Put Buy: price slide with rising OI and dominant call writers; structure vulnerable near series lows.,16,0.55042297,0.7,Strong Call Writer Resistance (Bearish),-2.64,2.94,0.59
CONCOR,2025-11-10 18:25:51,SidewaysLowVol,Neutral,38.3,No Trade,No qualifying setup based on current thresholds.,58,0.76758873,0.63,Moderate Call Writer Resistance (Mildly Bearish),-4.68,6.48,0.78
CROMPTON,2025-11-10 18:25:54,SidewaysLowVol,Neutral,28.1,No Trade,No qualifying setup based on current thresholds.,36,0.6457744,0.55,Strong Call Writer Resistance (Bearish),-0.9,-1.16,0.64
CUMMINSIND,2025-11-10 18:25:57,SidewaysLowVol,Neutral,36.0,No Trade,No qualifying setup based on current thresholds.,28,0.8142016,0.35,Moderate Call Writer Resistance (Mildly Bearish),-0.19,10.45,0.83
CYIENT,2025-11-10 18:26:01,SidewaysLowVol,Neutral,36.2,No Trade,No qualifying setup based on current thresholds.,15,0.76690996,0.7,Moderate Call Writer Resistance (Mildly Bearish),-1.66,6.05,0.86
DLF,2025-11-10 18:26:04,SidewaysLowVol,Neutral,36.2,No Trade,No qualifying setup based on current thresholds.,7,0.7051995,0.75,Moderate Call Writer Resistance (Mildly Bearish),0.22,0.54,0.71
DABUR,2025-11-10 18:26:08,SidewaysLowVol,Bullish,41.6,No Trade,No qualifying setup based on current thresholds.,70,0.6372694,0.57,Strong Call Writer Resistance (Bearish),5.25,6.21,0.6
DALBHARAT,2025-11-10 18:26:10,SidewaysLowVol,Neutral,27.6,No Trade,No qualifying setup based on current thresholds.,29,0.5282895,0.72,Strong Call Writer Resistance (Bearish),-1.92,0.2,0.5
DELHIVERY,2025-11-10 18:26:14,SidewaysLowVol,Neutral,30.3,No Trade,No qualifying setup based on current thresholds.,31,0.3327608,0.72,Strong Call Writer Resistance (Bearish),-8.36,-6.9,0.67
DIVISLAB,2025-11-10 18:26:17,SidewaysLowVol,Neutral,37.9,No Trade,No qualifying setup based on current thresholds.,26,0.7083254,0.61,Moderate Call Writer Resistance (Mildly Bearish),-0.82,31.7,0.72
DIXON,2025-11-10 18:26:21,SidewaysLowVol,Neutral,28.8,No Trade,No qualifying setup based on current thresholds.,23,0.44742987,0.63,Strong Call Writer Resistance (Bearish),-3.81,-2.7,0.67
DRREDDY,2025-11-10 18:26:24,SidewaysLowVol,Neutral,28.0,No Trade,No qualifying setup based on current thresholds.,25,0.3916287,0.05,Strong Call Writer Resistance (Bearish),0.7,-1.01,0.46
ETERNAL,2025-11-10 18:26:27,SidewaysLowVol,Neutral,28.5,No Trade,No qualifying setup based on current thresholds.,23,0.42142907,0.53,Strong Call Writer Resistance (Bearish),-4.54,7.02,0.69
EICHERMOT,2025-11-10 18:26:31,SidewaysLowVol,Neutral,37.5,No Trade,No qualifying setup based on current thresholds.,76,0.9444865,0.64,Moderate Put Writer Support (Mildly Bullish),-1.74,4.87,1.18
EXIDEIND,2025-11-10 18:26:34,SidewaysLowVol,Neutral,36.8,No Trade,No qualifying setup based on current thresholds.,62,0.71826106,0.72,Strong Call Writer Resistance (Bearish),-1.49,-0.2,0.7
NYKAA,2025-11-10 18:26:38,SidewaysLowVol,Neutral,27.3,No Trade,No qualifying setup based on current thresholds.,33,0.6362792,-0.87,Strong Call Writer Resistance (Bearish),3.76,9.15,0.6
FORTIS,2025-11-10 18:26:40,SidewaysLowVol,Neutral,29.0,No Trade,No qualifying setup based on current thresholds.,99,0.4995074,0.15,Strong Call Writer Resistance (Bearish),-2.93,22.91,0.58
GAIL,2025-11-10 18:26:44,SidewaysLowVol,Neutral,28.0,No Trade,No qualifying setup based on current thresholds.,31,0.59012365,0.84,Strong Call Writer Resistance (Bearish),-0.62,-1.45,0.55
GMRAIRPORT,2025-11-10 18:26:47,SidewaysLowVol,Neutral,28.4,No Trade,No qualifying setup based on current thresholds.,73,0.32634324,0.63,Strong Call Writer Resistance (Bearish),2.53,-0.73,0.35
GLENMARK,2025-11-10 18:26:51,SidewaysLowVol,Neutral,27.7,No Trade,No qualifying setup based on current thresholds.,59,0.6869481,0.66,Strong Call Writer Resistance (Bearish),-2.93,5.37,0.69
GODREJCP,2025-11-10 18:26:54,SidewaysLowVol,Neutral,35.9,No Trade,No qualifying setup based on current thresholds.,15,0.76921535,0.38,Moderate Call Writer Resistance (Mildly Bearish),-0.74,2.89,0.91
GODREJPROP,2025-11-10 18:26:57,SidewaysLowVol,Neutral,39.0,No Trade,No qualifying setup based on current thresholds.,15,0.6385831,0.71,Moderate Call Writer Resistance (Mildly Bearish),-4.7,-5.43,0.7
GRASIM,2025-11-10 18:27:01,SidewaysLowVol,Neutral,28.8,Bearish Put Buy,Bearish Put Buy: price slide with rising OI and dominant call writers; structure vulnerable near series lows.,13,0.48243588,0.68,Strong Call Writer Resistance (Bearish),-4.37,7.16,0.53
HCLTECH,2025-11-10 18:27:05,SidewaysLowVol,Neutral,27.4,No Trade,No qualifying setup based on current thresholds.,47,0.7079549,0.58,Strong Call Writer Resistance (Bearish),0.16,-1.47,0.68
HDFCAMC,2025-11-10 18:27:08,SidewaysLowVol,Neutral,29.3,No Trade,No qualifying setup based on current thresholds.,19,0.62345976,0.67,Strong Call Writer Resistance (Bearish),2.36,-7.83,0.63
HDFCBANK,2025-11-10 18:27:11,SidewaysLowVol,Neutral,36.3,No Trade,No qualifying setup based on current thresholds.,55,0.6892445,0.59,Moderate Call Writer Resistance (Mildly Bearish),-0.21,3.8,0.7
HDFCLIFE,2025-11-10 18:27:14,SidewaysLowVol,Neutral,28.6,No Trade,No qualifying setup based on current thresholds.,11,0.5394467,0.59,Strong Call Writer Resistance (Bearish),1.74,-1.0,0.54
HFCL,2025-11-10 18:27:18,SidewaysLowVol,Neutral,27.4,No Trade,No qualifying setup based on current thresholds.,42,0.5202405,0.56,Strong Call Writer Resistance (Bearish),0.85,-0.41,0.52
HAVELLS,2025-11-10 18:27:21,SidewaysLowVol,Neutral,27.3,No Trade,No qualifying setup based on current thresholds.,25,0.6253734,0.44,Strong Call Writer Resistance (Bearish),-1.16,1.47,0.62
HEROMOTOCO,2025-11-10 18:27:24,SidewaysLowVol,Neutral,38.5,No Trade,No qualifying setup based on current thresholds.,78,0.7097141,0.19,Moderate Call Writer Resistance (Mildly Bearish),-3.6,22.04,0.81
HINDALCO,2025-11-10 18:27:28,SidewaysLowVol,Bearish,29.1,No Trade,No qualifying setup based on current thresholds.,46,0.60368365,0.61,Moderate Call Writer Resistance (Mildly Bearish),-7.6,25.98,0.75
HAL,2025-11-10 18:27:31,SidewaysLowVol,Neutral,37.9,No Trade,No qualifying setup based on current thresholds.,45,0.73956424,0.6,Moderate Call Writer Resistance (Mildly Bearish),2.22,-3.99,0.77
HINDPETRO,2025-11-10 18:27:35,SidewaysLowVol,Neutral,28.3,No Trade,No qualifying setup based on current thresholds.,14,0.7106817,0.59,Strong Call Writer Resistance (Bearish),1.09,-5.08,0.59
HINDUNILVR,2025-11-10 18:27:37,SidewaysLowVol,Neutral,27.3,No Trade,No qualifying setup based on current thresholds.,40,0.4437491,0.47,Strong Call Writer Resistance (Bearish),-1.15,-0.68,0.5
HINDZINC,2025-11-10 18:27:41,SidewaysLowVol,Neutral,27.1,No Trade,No qualifying setup based on current thresholds.,51,0.4329252,0.75,Strong Call Writer Resistance (Bearish),1.78,3.72,0.57
HUDCO,2025-11-10 18:27:44,SidewaysLowVol,Neutral,28.1,No Trade,No qualifying setup based on current thresholds.,47,0.51233786,0.32,Strong Call Writer Resistance (Bearish),-2.01,4.39,0.51
ICICIBANK,2025-11-10 18:27:48,SidewaysLowVol,Neutral,27.5,No Trade,No qualifying setup based on current thresholds.,26,0.5364835,0.72,Strong Call Writer Resistance (Bearish),0.16,4.76,0.59
ICICIGI,2025-11-10 18:27:51,SidewaysLowVol,Neutral,27.3,No Trade,No qualifying setup based on current thresholds.,32,0.6387911,0.61,Strong Call Writer Resistance (Bearish),1.92,2.7,0.63
ICICIPRULI,2025-11-10 18:27:54,SidewaysLowVol,Neutral,30.2,No Trade,No qualifying setup based on current thresholds.,35,0.63986176,0.83,Strong Call Writer Resistance (Bearish),3.62,-1.38,0.63
IDFCFIRSTB,2025-11-10 18:27:58,SidewaysLowVol,Neutral,28.6,No Trade,No qualifying setup based on current thresholds.,47,0.55175346,0.72,Strong Call Writer Resistance (Bearish),-1.3,1.74,0.49
IIFL,2025-11-10 18:28:01,SidewaysLowVol,Neutral,28.2,No Trade,No qualifying setup based on current thresholds.,41,0.6032911,0.59,Strong Call Writer Resistance (Bearish),0.4,-4.84,0.55
ITC,2025-11-10 18:28:05,SidewaysLowVol,Bearish,29.8,No Trade,No qualifying setup based on current thresholds.,15,0.5005321,0.72,Strong Call Writer Resistance (Bearish),-3.42,4.52,0.53
INDIANB,2025-11-10 18:28:08,SidewaysLowVol,Neutral,28.3,No Trade,No qualifying setup based on current thresholds.,32,0.72133577,0.14,Strong Call Writer Resistance (Bearish),1.21,1.74,0.63
IEX,2025-11-10 18:28:11,SidewaysLowVol,Neutral,28.1,No Trade,No qualifying setup based on current thresholds.,31,0.5964712,0.56,Strong Call Writer Resistance (Bearish),-0.25,-4.35,0.59
IOC,2025-11-10 18:28:15,SidewaysLowVol,Neutral,37.3,No Trade,No qualifying setup based on current thresholds.,21,1.0654556,0.31,Moderate Call Writer Resistance (Mildly Bearish),1.54,-8.0,0.93
IRCTC,2025-11-10 18:28:18,SidewaysLowVol,Neutral,37.4,No Trade,No qualifying setup based on current thresholds.,59,0.72585213,0.65,Moderate Call Writer Resistance (Mildly Bearish),-1.92,4.88,0.81
IRFC,2025-11-10 18:28:21,SidewaysLowVol,Neutral,28.6,No Trade,No qualifying setup based on current thresholds.,13,0.5293208,0.82,Strong Call Writer Resistance (Bearish),-1.96,1.76,0.56
IREDA,2025-11-10 18:28:25,SidewaysLowVol,Neutral,28.3,No Trade,No qualifying setup based on current thresholds.,25,0.5021005,0.25,Strong Call Writer Resistance (Bearish),-1.78,4.11,0.5
INDUSTOWER,2025-11-10 18:28:30,SidewaysLowVol,Bullish,42.8,No Trade,No qualifying setup based on current thresholds.,18,0.77933156,0.49,Strong Call Writer Resistance (Bearish),8.98,-5.57,0.63
INDUSINDBK,2025-11-10 18:28:33,SidewaysLowVol,Neutral,36.8,No Trade,No qualifying setup based on current thresholds.,54,0.7319417,0.76,Moderate Call Writer Resistance (Mildly Bearish),0.26,-2.86,0.72
NAUKRI,2025-11-10 18:28:37,SidewaysLowVol,Neutral,28.0,No Trade,No qualifying setup based on current thresholds.,71,0.56560403,0.59,Strong Call Writer Resistance (Bearish),-2.0,-0.31,0.6
INFY,2025-11-10 18:28:41,SidewaysLowVol,Neutral,28.0,No Trade,No qualifying setup based on current thresholds.,56,0.5948034,-0.07,Strong Call Writer Resistance (Bearish),1.36,3.94,0.54
INOXWIND,2025-11-10 18:28:44,SidewaysLowVol,Neutral,28.5,No Trade,No qualifying setup based on current thresholds.,47,0.54252416,0.71,Strong Call Writer Resistance (Bearish),-2.46,3.42,0.56
INDIGO,2025-11-10 18:28:47,SidewaysLowVol,Neutral,36.6,No Trade,No qualifying setup based on current thresholds.,17,0.81430626,0.63,Moderate Call Writer Resistance (Mildly Bearish),-0.79,0.91,0.85
JSWENERGY,2025-11-10 18:28:50,SidewaysLowVol,Neutral,28.1,No Trade,No qualifying setup based on current thresholds.,16,0.4201722,0.62,Strong Call Writer Resistance (Bearish),-1.35,1.4,0.65
JSWSTEEL,2025-11-10 18:28:54,SidewaysLowVol,Neutral,30.0,No Trade,No qualifying setup based on current thresholds.,19,0.5935833,0.77,Strong Call Writer Resistance (Bearish),-2.77,-2.14,0.67
JINDALSTEL,2025-11-10 18:28:57,SidewaysLowVol,Neutral,37.4,No Trade,No qualifying setup based on current thresholds.,31,1.0290817,0.69,Moderate Put Writer Support (Mildly Bullish),0.28,-5.94,1.1
JIOFIN,2025-11-10 18:29:01,SidewaysLowVol,Neutral,28.4,No Trade,No qualifying setup based on current thresholds.,20,0.5833219,0.71,Strong Call Writer Resistance (Bearish),-1.86,-0.35,0.62
JUBLFOOD,2025-11-10 18:29:04,SidewaysLowVol,Neutral,36.7,No Trade,No qualifying setup based on current thresholds.,83,0.7759263,0.56,Moderate Call Writer Resistance (Mildly Bearish),-2.73,4.66,0.83
KEI,2025-11-10 18:29:07,SidewaysLowVol,Neutral,28.1,No Trade,No qualifying setup based on current thresholds.,7,0.45685762,-0.1,Strong Call Writer Resistance (Bearish),0.42,-6.57,0.45
KPITTECH,2025-11-10 18:29:10,SidewaysLowVol,Neutral,28.4,No Trade,No qualifying setup based on current thresholds.,47,0.70137334,-0.17,Strong Call Writer Resistance (Bearish),2.54,-0.23,0.62
KALYANKJIL,2025-11-10 18:29:14,SidewaysLowVol,Neutral,26.5,No Trade,No qualifying setup based on current thresholds.,14,0.5273078,0.76,Strong Call Writer Resistance (Bearish),-0.21,8.15,0.55
KAYNES,2025-11-10 18:29:18,SidewaysLowVol,Neutral,29.8,Bearish Put Buy,Bearish Put Buy: price slide with rising OI and dominant call writers; structure vulnerable near series lows.,17,0.4259776,-0.5,Strong Call Writer Resistance (Bearish),-4.18,36.48,0.45
KFINTECH,2025-11-10 18:29:21,SidewaysLowVol,Neutral,27.2,Bearish Put Buy,Bearish Put Buy: price slide with rising OI and dominant call writers; structure vulnerable near series lows.,35,0.41011968,-0.81,Strong Call Writer Resistance (Bearish),-0.82,5.53,0.51
KOTAKBANK,2025-11-10 18:29:25,SidewaysLowVol,Neutral,27.9,No Trade,No qualifying setup based on current thresholds.,26,0.53369224,0.69,Strong Call Writer Resistance (Bearish),-0.82,3.22,0.58
LTF,2025-11-10 18:29:27,SidewaysLowVol,Neutral,37.7,No Trade,No qualifying setup based on current thresholds.,45,1.1607953,0.26,Moderate Call Writer Resistance (Mildly Bearish),10.87,8.67,0.98
LICHSGFIN,2025-11-10 18:29:30,SidewaysLowVol,Neutral,27.4,No Trade,No qualifying setup based on current thresholds.,6,0.6239197,0.63,Strong Call Writer Resistance (Bearish),-0.12,0.34,0.65
LTIM,2025-11-10 18:29:34,SidewaysLowVol,Neutral,28.1,No Trade,No qualifying setup based on current thresholds.,18,0.5778288,0.34,Strong Call Writer Resistance (Bearish),-0.67,-0.54,0.68
LT,2025-11-10 18:29:37,SidewaysLowVol,Bearish,30.5,No Trade,No qualifying setup based on current thresholds.,21,0.5044171,0.76,Strong Call Writer Resistance (Bearish),-2.93,-3.32,0.53
LAURUSLABS,2025-11-10 18:29:41,SidewaysLowVol,Neutral,29.8,No Trade,No qualifying setup based on current thresholds.,10,0.81403136,0.61,Strong Call Writer Resistance (Bearish),5.0,-8.93,0.6
LICI,2025-11-10 18:29:44,SidewaysLowVol,Neutral,27.7,No Trade,No qualifying setup based on current thresholds.,50,0.41644338,0.62,Strong Call Writer Resistance (Bearish),-0.27,18.42,0.41
LODHA,2025-11-10 18:29:47,SidewaysLowVol,Neutral,27.8,No Trade,No qualifying setup based on current thresholds.,8,0.6581838,0.76,Strong Call Writer Resistance (Bearish),0.48,-3.79,0.63
LUPIN,2025-11-10 18:29:51,SidewaysLowVol,Neutral,27.0,No Trade,No qualifying setup based on current thresholds.,50,0.6547442,0.53,Strong Call Writer Resistance (Bearish),1.2,6.38,0.67
M&M,2025-11-10 18:29:54,SidewaysLowVol,Neutral,28.0,No Trade,No qualifying setup based on current thresholds.,24,0.7210566,0.71,Strong Call Writer Resistance (Bearish),3.56,1.5,0.64
MANAPPURAM,2025-11-10 18:29:58,SidewaysLowVol,Neutral,27.9,No Trade,No qualifying setup based on current thresholds.,46,0.59411484,0.61,Strong Call Writer Resistance (Bearish),3.38,14.56,0.59
MANKIND,2025-11-10 18:30:01,SidewaysLowVol,Neutral,29.9,No Trade,No qualifying setup based on current thresholds.,10,0.47882926,0.47,Strong Call Writer Resistance (Bearish),-5.6,22.78,0.55
MARICO,2025-11-10 18:30:04,SidewaysLowVol,Neutral,36.1,No Trade,No qualifying setup based on current thresholds.,64,0.94251275,0.45,Moderate Call Writer Resistance (Mildly Bearish),-0.21,1.02,0.96
MARUTI,2025-11-10 18:30:08,SidewaysLowVol,Neutral,30.3,No Trade,No qualifying setup based on current thresholds.,31,0.41616857,0.63,Strong Call Writer Resistance (Bearish),-3.04,-4.3,0.46
MFSL,2025-11-10 18:30:11,SidewaysLowVol,Neutral,29.3,No Trade,No qualifying setup based on current thresholds.,66,0.71506584,0.49,Strong Call Writer Resistance (Bearish),4.51,2.63,0.64
MAXHEALTH,2025-11-10 18:30:14,SidewaysLowVol,Neutral,37.4,No Trade,No qualifying setup based on current thresholds.,52,0.5275267,0.72,Moderate Call Writer Resistance (Mildly Bearish),-4.55,8.23,0.73
MAZDOCK,2025-11-10 18:30:17,SidewaysLowVol,Neutral,27.5,Bearish Put Buy,Bearish Put Buy: price slide with rising OI and dominant call writers; structure vulnerable near series lows.,9,0.38751206,0.75,Strong Call Writer Resistance (Bearish),-0.8,2.61,0.45
MPHASIS,2025-11-10 18:30:20,SidewaysLowVol,Neutral,28.1,No Trade,No qualifying setup based on current thresholds.,32,0.49113232,0.54,Strong Call Writer Resistance (Bearish),0.22,-4.41,0.51
MCX,2025-11-10 18:30:24,SidewaysLowVol,Neutral,27.6,No Trade,No qualifying setup based on current thresholds.,23,0.71201175,0.6,Strong Call Writer Resistance (Bearish),2.58,-3.26,0.61
MUTHOOTFIN,2025-11-10 18:30:27,SidewaysLowVol,Neutral,27.9,No Trade,No qualifying setup based on current thresholds.,87,0.5748603,0.6,Strong Call Writer Resistance (Bearish),4.86,5.34,0.47
NBCC,2025-11-10 18:30:31,SidewaysLowVol,Neutral,28.7,No Trade,No qualifying setup based on current thresholds.,61,0.4461879,0.58,Strong Call Writer Resistance (Bearish),-3.56,5.46,0.48
NCC,2025-11-10 18:30:34,SidewaysLowVol,Bearish,19.3,No Trade,No qualifying setup based on current thresholds.,32,0.5066547,0.61,Strong Call Writer Resistance (Bearish),-11.94,9.27,0.67
NHPC,2025-11-10 18:30:37,SidewaysLowVol,Neutral,28.2,No Trade,No qualifying setup based on current thresholds.,8,0.51156354,0.63,Strong Call Writer Resistance (Bearish),-2.85,7.8,0.57
NMDC,2025-11-10 18:30:41,SidewaysLowVol,Neutral,27.9,No Trade,No qualifying setup based on current thresholds.,20,0.5519038,-0.01,Strong Call Writer Resistance (Bearish),-0.77,0.79,0.59
NTPC,2025-11-10 18:30:44,SidewaysLowVol,Neutral,29.0,No Trade,No qualifying setup based on current thresholds.,33,0.44817647,0.69,Strong Call Writer Resistance (Bearish),-2.67,1.65,0.49
NATIONALUM,2025-11-10 18:30:48,SidewaysLowVol,Neutral,38.7,No Trade,No qualifying setup based on current thresholds.,27,0.99126345,0.45,Moderate Call Writer Resistance (Mildly Bearish),8.14,-1.0,0.81
NESTLEIND,2025-11-10 18:30:51,SidewaysLowVol,Neutral,27.9,No Trade,No qualifying setup based on current thresholds.,46,0.3416196,0.69,Strong Call Writer Resistance (Bearish),0.25,-4.18,0.34
NUVAMA,2025-11-10 18:30:54,SidewaysLowVol,Neutral,30.0,No Trade,No qualifying setup based on current thresholds.,39,0.61189294,0.2,Strong Call Writer Resistance (Bearish),5.14,-16.62,0.5
OBEROIRLTY,2025-11-10 18:30:58,SidewaysLowVol,Neutral,36.7,No Trade,No qualifying setup based on current thresholds.,10,0.7769052,-1.14,Moderate Call Writer Resistance (Mildly Bearish),-0.01,-1.01,0.73
ONGC,2025-11-10 18:31:01,SidewaysLowVol,Neutral,29.7,No Trade,No qualifying setup based on current thresholds.,48,0.38868794,0.7,Strong Call Writer Resistance (Bearish),-2.24,0.21,0.39
OIL,2025-11-10 18:31:04,SidewaysLowVol,Neutral,28.5,No Trade,No qualifying setup based on current thresholds.,38,0.5862069,0.2,Strong Call Writer Resistance (Bearish),-1.32,2.35,0.58
PAYTM,2025-11-10 18:31:07,SidewaysLowVol,Neutral,36.5,No Trade,No qualifying setup based on current thresholds.,6,0.8712121,-0.1,Moderate Call Writer Resistance (Mildly Bearish),1.87,-0.67,0.79
OFSS,2025-11-10 18:31:11,SidewaysLowVol,Neutral,27.8,Bearish Put Buy,Bearish Put Buy: price slide with rising OI and dominant call writers; structure vulnerable near series lows.,18,0.4553124,0.6,Strong Call Writer Resistance (Bearish),-3.11,4.92,0.56
POLICYBZR,2025-11-10 18:31:14,SidewaysLowVol,Neutral,27.7,No Trade,No qualifying setup based on current thresholds.,13,0.62792724,0.45,Strong Call Writer Resistance (Bearish),1.54,-1.24,0.52
PGEL,2025-11-10 18:31:17,SidewaysLowVol,Neutral,38.2,No Trade,No qualifying setup based on current thresholds.,84,0.542693,0.42,Moderate Call Writer Resistance (Mildly Bearish),-7.32,4.28,0.81
PIIND,2025-11-10 18:31:21,SidewaysLowVol,Bullish,52.3,No Trade,No qualifying setup based on current thresholds.,88,0.88552374,0.31,Moderate Call Writer Resistance (Mildly Bearish),6.56,20.45,0.86
PNBHOUSING,2025-11-10 18:31:24,SidewaysLowVol,Neutral,29.7,No Trade,No qualifying setup based on current thresholds.,22,0.6069077,0.46,Strong Call Writer Resistance (Bearish),-3.51,-1.16,0.67
PATANJALI,2025-11-10 18:31:28,SidewaysLowVol,Neutral,29.3,No Trade,No qualifying setup based on current thresholds.,32,0.39647123,0.59,Strong Call Writer Resistance (Bearish),-3.97,0.14,0.39
PERSISTENT,2025-11-10 18:31:31,SidewaysLowVol,Neutral,36.6,No Trade,No qualifying setup based on current thresholds.,17,0.74491537,0.58,Moderate Call Writer Resistance (Mildly Bearish),-0.57,-0.17,0.7
PETRONET,2025-11-10 18:31:35,SidewaysLowVol,Neutral,36.9,No Trade,No qualifying setup based on current thresholds.,12,1.153963,0.68,Moderate Put Writer Support (Mildly Bullish),-0.71,0.32,1.19
PIDILITIND,2025-11-10 18:31:38,SidewaysLowVol,Neutral,28.2,No Trade,No qualifying setup based on current thresholds.,16,0.50913364,0.66,Strong Call Writer Resistance (Bearish),0.36,-3.26,0.5
PPLPHARMA,2025-11-10 18:31:42,SidewaysLowVol,Neutral,29.4,No Trade,No qualifying setup based on current thresholds.,5,0.37953472,0.2,Strong Call Writer Resistance (Bearish),-2.39,-8.37,0.5
POLYCAB,2025-11-10 18:31:45,SidewaysLowVol,Neutral,28.8,No Trade,No qualifying setup based on current thresholds.,15,0.55052966,0.53,Strong Call Writer Resistance (Bearish),-0.96,-10.34,0.58
PFC,2025-11-10 18:31:49,SidewaysLowVol,Bearish,18.0,No Trade,No qualifying setup based on current thresholds.,18,0.6492664,-0.26,Strong Call Writer Resistance (Bearish),-5.6,5.33,0.68
POWERGRID,2025-11-10 18:31:52,SidewaysLowVol,Bearish,18.2,No Trade,No qualifying setup based on current thresholds.,28,0.48816887,0.69,Strong Call Writer Resistance (Bearish),-5.81,5.34,0.53
PRESTIGE,2025-11-10 18:31:55,SidewaysLowVol,Neutral,28.0,No Trade,No qualifying setup based on current thresholds.,38,0.61949986,0.25,Strong Call Writer Resistance (Bearish),0.57,-7.15,0.6
PNB,2025-11-10 18:31:58,SidewaysLowVol,Neutral,28.0,No Trade,No qualifying setup based on current thresholds.,36,0.714207,0.68,Strong Call Writer Resistance (Bearish),-0.87,6.78,0.67
RBLBANK,2025-11-10 18:32:01,SidewaysLowVol,Neutral,27.8,No Trade,No qualifying setup based on current thresholds.,6,0.6654017,0.49,Strong Call Writer Resistance (Bearish),-0.35,4.89,0.65
RECLTD,2025-11-10 18:32:05,SidewaysLowVol,Neutral,38.1,No Trade,No qualifying setup based on current thresholds.,20,0.67809963,0.65,Moderate Call Writer Resistance (Mildly Bearish),-3.45,4.37,0.74
RVNL,2025-11-10 18:32:08,SidewaysLowVol,Neutral,28.2,No Trade,No qualifying setup based on current thresholds.,87,0.5179916,-1.63,Strong Call Writer Resistance (Bearish),-2.99,4.99,0.62
RELIANCE,2025-11-10 18:32:12,SidewaysLowVol,Neutral,27.9,No Trade,No qualifying setup based on current thresholds.,18,0.64203304,0.63,Strong Call Writer Resistance (Bearish),0.45,-3.05,0.6
SBICARD,2025-11-10 18:32:15,SidewaysLowVol,Neutral,27.9,No Trade,No qualifying setup based on current thresholds.,39,0.49143317,-1.13,Strong Call Writer Resistance (Bearish),-0.19,2.1,0.61
SBILIFE,2025-11-10 18:32:18,SidewaysLowVol,Neutral,27.8,No Trade,No qualifying setup based on current thresholds.,2,0.63262266,0.61,Strong Call Writer Resistance (Bearish),1.92,0.49,0.59
SRF,2025-11-10 18:32:22,SidewaysLowVol,Neutral,26.8,No Trade,No qualifying setup based on current thresholds.,14,0.3902571,0.7,Strong Call Writer Resistance (Bearish),-0.71,8.19,0.48
MOTHERSON,2025-11-10 18:32:26,SidewaysLowVol,Neutral,38.7,No Trade,No qualifying setup based on current thresholds.,79,0.44347042,0.67,Moderate Call Writer Resistance (Mildly Bearish),-4.21,-1.83,0.75
SHRIRAMFIN,2025-11-10 18:32:29,SidewaysLowVol,Neutral,37.4,No Trade,No qualifying setup based on current thresholds.,48,1.1968449,0.64,Moderate Call Writer Resistance (Mildly Bearish),7.65,7.62,0.96
SIEMENS,2025-11-10 18:32:33,SidewaysLowVol,Neutral,27.0,No Trade,No qualifying setup based on current thresholds.,36,0.5017981,0.56,Strong Call Writer Resistance (Bearish),-1.83,10.07,0.53
SOLARINDS,2025-11-10 18:32:36,SidewaysLowVol,Neutral,28.9,No Trade,No qualifying setup based on current thresholds.,61,0.49166298,0.71,Strong Call Writer Resistance (Bearish),-4.86,5.74,0.54
SONACOMS,2025-11-10 18:32:39,SidewaysLowVol,Neutral,28.0,No Trade,No qualifying setup based on current thresholds.,4,0.4678122,0.67,Strong Call Writer Resistance (Bearish),2.32,-6.13,0.45
SBIN,2025-11-10 18:32:43,SidewaysLowVol,Neutral,37.1,No Trade,No qualifying setup based on current thresholds.,32,0.7653844,0.65,Moderate Call Writer Resistance (Mildly Bearish),1.05,-4.22,0.73
SAIL,2025-11-10 18:32:46,SidewaysLowVol,Neutral,37.0,No Trade,No qualifying setup based on current thresholds.,56,0.791231,0.64,Moderate Call Writer Resistance (Mildly Bearish),4.82,1.72,0.76
SUNPHARMA,2025-11-10 18:32:50,SidewaysLowVol,Neutral,28.6,No Trade,No qualifying setup based on current thresholds.,35,0.5344657,0.66,Strong Call Writer Resistance (Bearish),-0.39,-5.68,0.54
SUPREMEIND,2025-11-10 18:32:53,SidewaysLowVol,Neutral,27.7,No Trade,No qualifying setup based on current thresholds.,15,0.5399645,0.52,Strong Call Writer Resistance (Bearish),1.32,8.36,0.59
SYNGENE,2025-11-10 18:32:56,SidewaysLowVol,Neutral,37.6,No Trade,No qualifying setup based on current thresholds.,17,0.73047686,0.56,Moderate Call Writer Resistance (Mildly Bearish),-3.96,1.2,0.77
TATACONSUM,2025-11-10 18:33:00,SidewaysLowVol,Neutral,29.2,No Trade,No qualifying setup based on current thresholds.,44,0.48286307,0.72,Strong Call Writer Resistance (Bearish),-1.68,-7.71,0.61
TITAGARH,2025-11-10 18:33:03,SidewaysLowVol,Neutral,28.3,Bearish Put Buy,Bearish Put Buy: price slide with rising OI and dominant call writers; structure vulnerable near series lows.,49,0.49903864,-0.05,Strong Call Writer Resistance (Bearish),-5.45,11.82,0.63
TVSMOTOR,2025-11-10 18:33:06,SidewaysLowVol,Neutral,28.5,No Trade,No qualifying setup based on current thresholds.,30,0.42798796,0.67,Strong Call Writer Resistance (Bearish),-1.04,-2.72,0.45
TCS,2025-11-10 18:33:10,SidewaysLowVol,Neutral,27.5,No Trade,No qualifying setup based on current thresholds.,44,0.67810416,0.68,Strong Call Writer Resistance (Bearish),-0.77,1.36,0.68
TATAELXSI,2025-11-10 18:33:13,SidewaysLowVol,Neutral,29.1,No Trade,No qualifying setup based on current thresholds.,12,0.46511942,-0.22,Strong Call Writer Resistance (Bearish),-4.08,3.5,0.58
TATAPOWER,2025-11-10 18:33:16,SidewaysLowVol,Neutral,38.1,No Trade,No qualifying setup based on current thresholds.,27,0.6004489,0.59,Strong Call Writer Resistance (Bearish),-2.32,-0.18,0.7
TATASTEEL,2025-11-10 18:33:20,SidewaysLowVol,Neutral,28.1,No Trade,No qualifying setup based on current thresholds.,83,0.57156384,0.65,Strong Call Writer Resistance (Bearish),-0.8,2.78,0.58
TATATECH,2025-11-10 18:33:23,SidewaysLowVol,Neutral,27.7,Bearish Put Buy,Bearish Put Buy: price slide with rising OI and dominant call writers; structure vulnerable near series lows.,29,0.52179635,0.25,Strong Call Writer Resistance (Bearish),-1.17,4.13,0.57
TECHM,2025-11-10 18:33:26,SidewaysLowVol,Neutral,35.8,No Trade,No qualifying setup based on current thresholds.,33,0.6155366,0.58,Moderate Call Writer Resistance (Mildly Bearish),-1.65,9.19,0.71
FEDERALBNK,2025-11-10 18:33:30,SidewaysLowVol,Neutral,36.7,No Trade,No qualifying setup based on current thresholds.,19,1.0159461,0.42,Moderate Call Writer Resistance (Mildly Bearish),0.61,0.09,0.89
INDHOTEL,2025-11-10 18:33:33,SidewaysLowVol,Neutral,38.0,No Trade,No qualifying setup based on current thresholds.,8,0.5319149,0.59,Moderate Call Writer Resistance (Mildly Bearish),-5.58,7.36,0.7
PHOENIXLTD,2025-11-10 18:33:37,SidewaysLowVol,Neutral,28.6,No Trade,No qualifying setup based on current thresholds.,6,0.68552214,0.41,Strong Call Writer Resistance (Bearish),4.37,-3.03,0.64
TITAN,2025-11-10 18:33:40,SidewaysLowVol,Neutral,28.2,No Trade,No qualifying setup based on current thresholds.,23,0.58426344,0.63,Strong Call Writer Resistance (Bearish),1.36,-3.54,0.55
TORNTPHARM,2025-11-10 18:33:44,SidewaysLowVol,Neutral,41.1,No Trade,No qualifying setup based on current thresholds.,46,0.82025963,0.46,Moderate Call Writer Resistance (Mildly Bearish),5.89,-0.77,0.8
TORNTPOWER,2025-11-10 18:33:47,SidewaysLowVol,Neutral,26.7,No Trade,No qualifying setup based on current thresholds.,58,0.4362359,0.74,Strong Call Writer Resistance (Bearish),-0.14,5.61,0.43
TRENT,2025-11-10 18:33:50,SidewaysLowVol,Bearish,19.0,No Trade,No qualifying setup based on current thresholds.,42,0.4674678,0.61,Strong Call Writer Resistance (Bearish),-7.26,26.01,0.58
TIINDIA,2025-11-10 18:33:54,SidewaysLowVol,Neutral,28.1,No Trade,No qualifying setup based on current thresholds.,19,0.6001802,0.75,Strong Call Writer Resistance (Bearish),-1.74,-2.35,0.66
UNOMINDA,2025-11-10 18:33:57,SidewaysLowVol,Bullish,41.1,No Trade,No qualifying setup based on current thresholds.,14,0.7815427,0.36,Strong Call Writer Resistance (Bearish),6.51,11.4,0.65
UPL,2025-11-10 18:34:00,SidewaysLowVol,Neutral,29.4,No Trade,No qualifying setup based on current thresholds.,15,0.75591713,0.55,Strong Call Writer Resistance (Bearish),3.83,-2.15,0.68
ULTRACEMCO,2025-11-10 18:34:03,SidewaysLowVol,Neutral,28.1,No Trade,No qualifying setup based on current thresholds.,21,0.49211782,0.67,Strong Call Writer Resistance (Bearish),-1.26,-5.04,0.56
UNIONBANK,2025-11-10 18:34:06,SidewaysLowVol,Neutral,36.5,No Trade,No qualifying setup based on current thresholds.,37,0.83495504,0.71,Moderate Call Writer Resistance (Mildly Bearish),3.17,1.46,0.71
UNITDSPR,2025-11-10 18:34:10,SidewaysLowVol,Neutral,29.2,No Trade,No qualifying setup based on current thresholds.,26,0.5010199,0.68,Strong Call Writer Resistance (Bearish),-2.44,2.26,0.49
VBL,2025-11-10 18:34:13,SidewaysLowVol,Neutral,27.5,Bearish Put Buy,Bearish Put Buy: price slide with rising OI and dominant call writers; structure vulnerable near series lows.,14,0.48030657,0.61,Strong Call Writer Resistance (Bearish),-1.6,0.77,0.56
VEDL,2025-11-10 18:34:16,SidewaysLowVol,Neutral,27.7,No Trade,No qualifying setup based on current thresholds.,67,0.77163607,0.48,Strong Call Writer Resistance (Bearish),4.03,2.93,0.65
VOLTAS,2025-11-10 18:34:20,SidewaysLowVol,Neutral,35.9,No Trade,No qualifying setup based on current thresholds.,77,0.7016974,-2.38,Moderate Call Writer Resistance (Mildly Bearish),-2.08,11.46,0.7
WIPRO,2025-11-10 18:34:23,SidewaysLowVol,Neutral,27.9,No Trade,No qualifying setup based on current thresholds.,12,0.6600273,-0.03,Strong Call Writer Resistance (Bearish),-0.17,-1.85,0.67
ZYDUSLIFE,2025-11-10 18:34:27,SidewaysLowVol,Neutral,28.0,No Trade,No qualifying setup based on current thresholds.,28,0.55860436,0.44,Strong Call Writer Resistance (Bearish),-2.87,15.92,0.61
