symbol,directional_rank,directional_score,directional_strength,combined_sentiment,confidence_percent,directional_conviction_gap,spot_price,action,writer_pcr_oi,rollover_quality_index,rollover_percent,directional_strengths,directional_risk_factors,directional_entry_timing,directional_target_1,directional_target_2,directional_stop_loss,selected_option_symbol,selected_option_strike,selected_option_premium,selected_option_oi,selected_option_volume,trade_setup
HINDALCO,1,73.00,Strong,Bullish,58.70,0.00,840.85,BUY CALL HINDALCO25NOV850CE - Confidence: 58.7%,0.94,9.30,72.21,Good Rollover 72.2% | Excellent RQI 9.3 | Healthy Contango 0.57% | Confidence 58.7% Above Threshold | Consistent Momentum,None,Ready Now (Post-Expiry),882.89,908.12,819.83,HINDALCO25NOV850CE,850.00,24.90,880600.00,3850000.00,BUY CALL HINDALCO25NOV850CE - Confidence: 58.7% | Strike: 850.0 | Premium: 24.9
ITC,2,70.00,Strong,Bullish,60.10,0.00,420.65,No Action - Fails Trend Trust Thresh. - Conf: 60.1%,0.83,9.30,60.29,Excellent RQI 9.3 | Healthy Contango 0.65% | Confidence 60.1% Above Threshold | Consistent Momentum,Rollover 60.3% < 70%,Watch for Tue/Wed Confirmation,441.68,454.3,410.13,,,,,,Monitor post-expiry for BUY BULLISH signal
CUMMINSIND,3,66.20,Strong,Bullish,50.50,4.50,4311.50,No Action - Fails Trend Trust Thresh. - Conf: 50.5%,0.65,9.30,67.18,Excellent RQI 9.3 | Healthy Contango 0.61% | Consistent Momentum,Rollover 67.2% < 70% | Call Writer Resistance (PCR 0.65),Watch for Tue/Wed Confirmation,4527.07,4656.42,4203.71,,,,,,Monitor post-expiry for BUY BULLISH signal
RELIANCE,4,64.50,Moderate,Bullish,51.70,3.30,1484.10,No Action - Fails Trend Trust Thresh. - Conf: 51.7%,0.68,9.00,57.83,Excellent RQI 9.0 | Healthy Contango 0.56% | Consistent Momentum,Rollover 57.8% < 70% | Call Writer Resistance (PCR 0.68),Watch for Tue/Wed Confirmation,1558.31,1602.83,1447.0,,,,,,Monitor post-expiry for BUY BULLISH signal
