timestamp,alert_type,symbol,underlying,strike,type,current_oi,previous_oi,oi_surge_pct,current_price,premium_vs_vwap,signal_strength,strikes_involved,strike_range
2025-12-02 09:32:19,AGGREGATED,ADANIENSOL_ALL_CALLS,ADANIENSOL,MULTIPLE,CALL,1811025,1338525,35.30005042864347,0,0,MODERATE,19,910.0-1100.0
2025-12-02 09:37:00,INDIVIDUAL_STRIKE,CYIENT25DEC1180PE,CYIENT,1180.0,PE,14025,9775,43.47826086956522,46.3,7.655160078697897,STRONG,1159.7,-0.309464454568891,False,100,,N/A,
2025-12-02 09:41:56,AGGREGATED,NAUKRI_ALL_CALLS,NAUKRI,MULTIPLE,CALL,2471250,1635000,51.146788990825684,0,0,STRONG,14,1260.0-1520.0
2025-12-02 09:46:08,INDIVIDUAL_STRIKE,POLICYBZR25DEC1880PE,POLICYBZR,1880.0,PE,8750,4900,78.57142857142857,63.25,7.782935715125164,STRONG,1859.2,-0.2361021678471702,False,100,,N/A,
2025-12-02 09:46:09,INDIVIDUAL_STRIKE,POLICYBZR25DEC1860PE,POLICYBZR,1860.0,PE,83300,61950,34.463276836158194,55,12.059216613549918,EXPLOSIVE,1858.7,-0.2629319596479858,False,100,,N/A,
2025-12-02 09:46:12,INDIVIDUAL_STRIKE,POLICYBZR25DEC1760PE,POLICYBZR,1760.0,PE,24150,17850,35.294117647058826,17.65,8.615384615384606,STRONG,1858.9,-0.25220004292765713,False,100,,N/A,
2025-12-02 09:50:56,AGGREGATED,UNIONBANK_ALL_CALLS,UNIONBANK,MULTIPLE,CALL,24673800,18098250,36.33251833740832,0,0,MODERATE,12,142.5-170.0
2025-12-02 09:51:13,INDIVIDUAL_STRIKE,VEDL25DEC520PE,VEDL,520.0,PE,2191900,1615750,35.65836298932384,9.45,6.063880221827752,STRONG,532.7,-0.11250703168946355,False,100,,N/A,
2025-12-02 09:51:14,INDIVIDUAL_STRIKE,VEDL25DEC560PE,VEDL,560.0,PE,579600,287500,101.6,32,4.696339717810641,EXPLOSIVE,532.85,-0.08438027376709767,False,100,,N/A,
2025-12-02 10:38:04,AGGREGATED,ADANIENSOL_ALL_CALLS,ADANIENSOL,MULTIPLE,CALL,1838025,1338525,37.31719616742309,0,0,MODERATE,19,910.0-1100.0
2025-12-02 10:43:06,INDIVIDUAL_STRIKE,DABUR25DEC475PE,DABUR,475.0,PE,43750,28750,52.17391304347826,0.75,7.1428571428571495,STRONG,513.9,-0.2620087336244586,False,100,,N/A,
2025-12-02 10:43:45,INDIVIDUAL_STRIKE,EICHERMOT25DEC7350PE,EICHERMOT,7350.0,PE,6125,2625,133.33333333333331,266,12.032657292814093,EXPLOSIVE,7115.5,-0.14034102869974036,False,100,,N/A,
2025-12-02 10:47:46,AGGREGATED,NAUKRI_ALL_CALLS,NAUKRI,MULTIPLE,CALL,2864625,1635000,75.20642201834863,0,0,STRONG,13,1260.0-1500.0
2025-12-02 10:47:46,AGGREGATED,NAUKRI_ALL_PUTS,NAUKRI,MULTIPLE,PUT,1374000,1026375,33.86919985385459,0,0,MODERATE,13,1260.0-1500.0
2025-12-02 10:48:42,AGGREGATED,KAYNES_ALL_CALLS,KAYNES,MULTIPLE,CALL,1132100,852800,32.75093808630394,0,0,MODERATE,11,4900.0-5900.0
2025-12-02 10:48:42,INDIVIDUAL_STRIKE,KFINTECH25DEC1100PE,KFINTECH,1100.0,PE,266400,194400,37.03703703703704,35.8,7.351511397163031,STRONG,1090.8,-0.49261083743843187,False,100,,N/A,
2025-12-02 10:50:23,AGGREGATED,MFSL_ALL_PUTS,MFSL,MULTIPLE,PUT,951200,715600,32.92342090553382,0,0,MODERATE,17,1520.0-1840.0
2025-12-02 10:51:38,AGGREGATED,OBEROIRLTY_ALL_CALLS,OBEROIRLTY,MULTIPLE,CALL,1264900,924700,36.79031037093111,0,0,MODERATE,17,1480.0-1800.0
2025-12-02 10:52:26,INDIVIDUAL_STRIKE,PAGEIND25DEC39500CE,PAGEIND,39500.0,CE,2670,2025,31.851851851851855,255.6,5.236013929188228,STRONG,37440,0.09357037829167224,False,100,,NEUTRAL,
2025-12-02 10:52:48,INDIVIDUAL_STRIKE,PETRONET25DEC260PE,PETRONET,260.0,PE,613800,372600,64.73429951690821,1.35,7.794676806083658,STRONG,271.4,-0.18389113644722324,False,100,,N/A,
2025-12-02 10:54:04,INDIVIDUAL_STRIKE,SHREECEM25DEC27750CE,SHREECEM,27750.0,CE,225,100,125.0,160,16.372099789075563,EXPLOSIVE,26425,0.03785727806170736,False,100,,NEUTRAL,
2025-12-02 10:57:05,AGGREGATED,UNIONBANK_ALL_CALLS,UNIONBANK,MULTIPLE,CALL,27815550,18080550,53.84238864415076,0,0,STRONG,11,145.0-170.0
2025-12-02 15:18:57,AGGREGATED,360ONE_ALL_PUTS,360ONE,MULTIPLE,PUT,491000,373500,31.459170013386885,0,0,MODERATE,11,1060.0-1260.0
2025-12-02 15:20:06,INDIVIDUAL_STRIKE,AMBUJACEM25DEC505PE,AMBUJACEM,505.0,PE,86100,57750,49.09090909090909,1.35,8.19234194122885,STRONG,543.1,-0.04601085856262078,False,100,,N/A,
2025-12-02 15:20:21,INDIVIDUAL_STRIKE,ASHOKLEY25DEC161PE,ASHOKLEY,161.0,PE,830000,430000,93.02325581395348,4.88,10.433484515693477,EXPLOSIVE,159.85,-0.28072364316906867,False,100,,N/A,
2025-12-02 15:20:22,INDIVIDUAL_STRIKE,ASHOKLEY25DEC162PE,ASHOKLEY,162.0,PE,855000,55000,1454.5454545454545,5.45,11.222722392098387,EXPLOSIVE,159.88,-0.2620087336244641,False,100,,N/A,
2025-12-02 15:20:22,INDIVIDUAL_STRIKE,ASHOKLEY25DEC156PE,ASHOKLEY,156.0,PE,940000,715000,31.46853146853147,2.62,13.592454552369365,EXPLOSIVE,159.86,-0.2620087336244641,False,100,,N/A,
2025-12-02 15:20:23,INDIVIDUAL_STRIKE,ASHOKLEY25DEC163PE,ASHOKLEY,163.0,PE,600000,10000,5900.0,6.08,11.399578557231035,EXPLOSIVE,159.85,-0.28072364316906867,False,100,,N/A,
2025-12-02 15:20:25,INDIVIDUAL_STRIKE,ASHOKLEY25DEC165PE,ASHOKLEY,165.0,PE,1215000,230000,428.2608695652174,7.37,9.620226758315694,EXPLOSIVE,159.81,-0.30567685589520216,False,100,,N/A,
2025-12-02 15:20:25,INDIVIDUAL_STRIKE,ASHOKLEY25DEC166PE,ASHOKLEY,166.0,PE,55000,10000,450.0,7.7,6.554283557680211,EXPLOSIVE,159.81,-0.30567685589520216,False,100,,N/A,
2025-12-02 15:20:26,INDIVIDUAL_STRIKE,ASHOKLEY25DEC152PE,ASHOKLEY,152.0,PE,1225000,790000,55.06329113924051,1.45,11.185973017629966,EXPLOSIVE,159.81,-0.30567685589520216,False,100,,N/A,
2025-12-02 15:20:28,INDIVIDUAL_STRIKE,ASHOKLEY25DEC170PE,ASHOKLEY,170.0,PE,390000,220000,77.27272727272727,11.18,7.8474310137233205,STRONG,159.85,-0.28072364316906867,False,100,,N/A,
2025-12-02 15:20:43,AGGREGATED,ASIANPAINT_ALL_CALLS,ASIANPAINT,MULTIPLE,CALL,5367750,3075500,74.53259632580068,0,0,STRONG,28,2680.0-3240.0
2025-12-02 15:20:43,AGGREGATED,ASIANPAINT_ALL_PUTS,ASIANPAINT,MULTIPLE,PUT,3245500,1941750,67.14304107119867,0,0,STRONG,27,2680.0-3240.0
2025-12-02 15:21:55,AGGREGATED,BDL_ALL_CALLS,BDL,MULTIPLE,CALL,2678975,1994200,34.33833116036506,0,0,MODERATE,15,1380.0-1660.0
2025-12-02 15:23:21,INDIVIDUAL_STRIKE,CIPLA25DEC1470PE,CIPLA,1470.0,PE,226125,86250,162.17391304347825,7.6,7.063972868778801,EXPLOSIVE,1517.7,-0.35454008272601034,False,100,,N/A,
2025-12-02 15:23:48,INDIVIDUAL_STRIKE,COLPAL25DEC2140CE,COLPAL,2140.0,CE,33750,25650,31.57894736842105,57.75,4.271254770650531,MODERATE,2157.8,0.22759998142041388,False,100,,NEUTRAL,
2025-12-02 15:25:09,INDIVIDUAL_STRIKE,EICHERMOT25DEC7350PE,EICHERMOT,7350.0,PE,5950,2625,126.66666666666666,274.25,13.575671893296779,EXPLOSIVE,7112.5,-0.18244333730966247,False,100,,N/A,
2025-12-02 15:25:33,AGGREGATED,FORTIS_ALL_CALLS,FORTIS,MULTIPLE,CALL,3527025,2510225,40.50632911392405,0,0,MODERATE,18,830.0-1000.0
2025-12-02 15:26:26,AGGREGATED,HDFCAMC_ALL_CALLS,HDFCAMC,MULTIPLE,CALL,1085100,742200,46.20048504446241,0,0,MODERATE,33,2360.0-2850.0
2025-12-02 15:28:25,AGGREGATED,INDIANB_ALL_CALLS,INDIANB,MULTIPLE,CALL,3959000,2868000,38.04044630404463,0,0,MODERATE,17,780.0-940.0
2025-12-02 15:28:29,INDIVIDUAL_STRIKE,IOC25DEC162PE,IOC,162.0,PE,2101125,931125,125.6544502617801,3.72,3.652331882874983,EXPLOSIVE,162.46,-0.31294103209179047,False,100,,N/A,
2025-12-02 15:28:59,AGGREGATED,IREDA_ALL_CALLS,IREDA,MULTIPLE,CALL,12789150,9822150,30.20723568668774,0,0,MODERATE,11,127.5-152.5
2025-12-02 15:29:15,AGGREGATED,NAUKRI_ALL_CALLS,NAUKRI,MULTIPLE,CALL,2598375,1635000,58.92201834862385,0,0,STRONG,14,1260.0-1520.0
2025-12-02 15:29:15,AGGREGATED,NAUKRI_ALL_PUTS,NAUKRI,MULTIPLE,PUT,1463250,1026375,42.56485202776763,0,0,MODERATE,14,1260.0-1520.0
2025-12-02 15:31:56,AGGREGATED,MFSL_ALL_PUTS,MFSL,MULTIPLE,PUT,956000,715600,33.59418669647848,0,0,MODERATE,17,1540.0-1860.0
2025-12-02 15:33:35,INDIVIDUAL_STRIKE,PAYTM25DEC1420PE,PAYTM,1420.0,PE,19575,14500,35.0,72.5,4.539162533164142,MODERATE,1364.2,-0.2631963737388441,False,100,,N/A,
2025-12-02 15:34:29,INDIVIDUAL_STRIKE,PETRONET25DEC260PE,PETRONET,260.0,PE,610200,372600,63.76811594202898,1.35,5.097940733299863,STRONG,271.1,-0.2942258183155405,False,100,,N/A,
2025-12-02 15:35:50,INDIVIDUAL_STRIKE,SHREECEM25DEC27750CE,SHREECEM,27750.0,CE,275,100,175.0,194.35,33.732962815932254,EXPLOSIVE,26545,0.4921446148021957,False,100,,NEUTRAL,
2025-12-02 15:36:16,AGGREGATED,SIEMENS_ALL_PUTS,SIEMENS,MULTIPLE,PUT,506750,380375,33.223792310220176,0,0,MODERATE,13,3050.0-3650.0
2025-12-02 15:37:47,INDIVIDUAL_STRIKE,TECHM25DEC1560CE,TECHM,1560.0,CE,407400,309000,31.844660194174757,25.75,4.346557817122516,MODERATE,1536.7,0.47074207257273915,False,100,,NEUTRAL,
2025-12-02 15:38:04,INDIVIDUAL_STRIKE,PHOENIXLTD25DEC1800CE,PHOENIXLTD,1800.0,CE,203000,145600,39.42307692307692,21.9,6.152525747915647,STRONG,1731.2,0.07514885253482598,False,100,,NEUTRAL,
2025-12-02 15:38:56,AGGREGATED,UNIONBANK_ALL_CALLS,UNIONBANK,MULTIPLE,CALL,29952825,18098250,65.50122249388754,0,0,STRONG,12,142.5-170.0
2025-12-02 15:38:56,AGGREGATED,UNIONBANK_ALL_PUTS,UNIONBANK,MULTIPLE,PUT,16306125,11381100,43.273716951788494,0,0,MODERATE,12,142.5-170.0
