timestamp,alert_type,symbol,underlying,strike,type,current_oi,previous_oi,oi_surge_pct,current_price,premium_vs_vwap,signal_strength
2025-12-01 10:45:45,INDIVIDUAL_STRIKE,360ONE25DEC1200PE,360ONE,1200.0,PE,40000,29500,35.59322033898305,40.6,3.681323621976445,MODERATE
2025-12-01 10:46:12,AGGREGATED,ADANIENSOL_ALL_CALLS,ADANIENSOL,MULTIPLE,CALL,1866375,1406025,32.74123859817571,0,0,MODERATE,19,910.0-1100.0
2025-12-01 10:46:47,INDIVIDUAL_STRIKE,AMBER25DEC6700PE,AMBER,6700.0,PE,4400,2000,120.0,141.35,3.1616670097497988,EXPLOSIVE
2025-12-01 10:47:10,INDIVIDUAL_STRIKE,ASHOKLEY25DEC159PE,ASHOKLEY,159.0,PE,890000,320000,178.125,4.93,9.351655916171614,EXPLOSIVE
2025-12-01 10:47:32,INDIVIDUAL_STRIKE,ASTRAL25DEC1300PE,ASTRAL,1300.0,PE,141100,108375,30.19607843137255,4.4,6.604866743916574,STRONG
2025-12-01 10:47:54,INDIVIDUAL_STRIKE,BAJAJ-AUTO25DEC9400PE,BAJAJ-AUTO,9400.0,PE,25275,18150,39.25619834710744,336.6,7.280385238918116,STRONG
2025-12-01 10:48:17,INDIVIDUAL_STRIKE,BANKBARODA25DEC297.5CE,BANKBARODA,297.5,CE,1055925,374400,182.03125,7.45,5.444814242037676,EXPLOSIVE
2025-12-01 10:48:22,INDIVIDUAL_STRIKE,BANKBARODA25DEC317.5CE,BANKBARODA,317.5,CE,149175,108225,37.83783783783784,1.5,3.7463976945244974,MODERATE
2025-12-01 10:48:33,INDIVIDUAL_STRIKE,BDL25DEC1520PE,BDL,1520.0,PE,35750,23400,52.77777777777778,46.3,9.447727613619303,STRONG
2025-12-01 10:48:36,INDIVIDUAL_STRIKE,BDL25DEC1420PE,BDL,1420.0,PE,18525,13650,35.714285714285715,13,6.029711622487617,STRONG
2025-12-01 10:48:44,INDIVIDUAL_STRIKE,BHARATFORG25DEC1480CE,BHARATFORG,1480.0,CE,130500,91500,42.62295081967213,30.5,4.31093937475791,MODERATE
2025-12-01 10:51:13,AGGREGATED,DALBHARAT_ALL_CALLS,DALBHARAT,MULTIPLE,CALL,464100,350350,32.467532467532465,0,0,MODERATE,20,1820.0-2200.0
2025-12-01 10:51:43,INDIVIDUAL_STRIKE,EICHERMOT25DEC6950PE,EICHERMOT,6950.0,PE,26775,18900,41.66666666666667,75,3.30331049681407,MODERATE
2025-12-01 10:52:19,INDIVIDUAL_STRIKE,GLENMARK25DEC1920PE,GLENMARK,1920.0,PE,147000,84750,73.45132743362832,42,4.006119131848166,STRONG
2025-12-01 10:53:29,INDIVIDUAL_STRIKE,HEROMOTOCO25DEC6500PE,HEROMOTOCO,6500.0,PE,14250,6600,115.90909090909092,257.75,3.0567416146308966,EXPLOSIVE
2025-12-01 10:53:32,AGGREGATED,HEROMOTOCO_ALL_CALLS,HEROMOTOCO,MULTIPLE,CALL,1991550,1370100,45.358003065469674,0,0,MODERATE,23,5700.0-6900.0
2025-12-01 10:53:32,AGGREGATED,HEROMOTOCO_ALL_PUTS,HEROMOTOCO,MULTIPLE,PUT,1670250,1214400,37.537055335968375,0,0,MODERATE,23,5700.0-6900.0
2025-12-01 10:53:55,INDIVIDUAL_STRIKE,HINDUNILVR25DEC2320PE,HINDUNILVR,2320.0,PE,159600,101100,57.86350148367953,0.4,4.046242774566486,STRONG
2025-12-01 10:53:56,INDIVIDUAL_STRIKE,HINDZINC25DEC490PE,HINDZINC,490.0,PE,498575,363825,37.03703703703704,11.85,7.677134815274475,STRONG
2025-12-01 10:53:57,INDIVIDUAL_STRIKE,HINDZINC25DEC495PE,HINDZINC,495.0,PE,282975,164150,72.38805970149254,14.3,8.167118115406726,STRONG
2025-12-01 10:53:58,INDIVIDUAL_STRIKE,HINDZINC25DEC480PE,HINDZINC,480.0,PE,960400,719075,33.560477001703575,7.9,9.817154063563478,STRONG
2025-12-01 10:53:58,INDIVIDUAL_STRIKE,HINDZINC25DEC500PE,HINDZINC,500.0,PE,1064525,731325,45.56113902847571,16.95,8.987617704285574,STRONG
2025-12-01 10:53:59,INDIVIDUAL_STRIKE,HINDZINC25DEC505PE,HINDZINC,505.0,PE,106575,1225,8600.0,19.9,7.992402544544591,EXPLOSIVE
2025-12-01 10:54:00,INDIVIDUAL_STRIKE,HINDZINC25DEC510PE,HINDZINC,510.0,PE,132300,57575,129.7872340425532,23.15,6.383423152441817,EXPLOSIVE
2025-12-01 10:54:01,INDIVIDUAL_STRIKE,HINDZINC25DEC520PE,HINDZINC,520.0,PE,547575,350350,56.29370629370629,29.85,6.515152498167167,STRONG
2025-12-01 10:54:04,INDIVIDUAL_STRIKE,HINDZINC25DEC445PE,HINDZINC,445.0,PE,173950,124950,39.21568627450981,1.4,3.7037037037036904,MODERATE
2025-12-01 10:54:04,AGGREGATED,HINDZINC_ALL_CALLS,HINDZINC,MULTIPLE,CALL,15492575,11315325,36.91674786185991,0,0,MODERATE,20,445.0-540.0
2025-12-01 10:54:42,INDIVIDUAL_STRIKE,ITC25DEC402.5CE,ITC,402.5,CE,1051200,697600,50.68807339449541,6.35,9.666691513334055,STRONG
2025-12-01 10:54:43,INDIVIDUAL_STRIKE,ITC25DEC400CE,ITC,400.0,CE,4107200,3126400,31.371545547594675,7.9,10.806400287213297,EXPLOSIVE
2025-12-01 10:54:43,INDIVIDUAL_STRIKE,ITC25DEC412.5PE,ITC,412.5,PE,392000,156800,150.0,13.15,4.949774920878303,EXPLOSIVE
2025-12-01 10:54:44,INDIVIDUAL_STRIKE,ITC25DEC397.5CE,ITC,397.5,CE,230400,100800,128.57142857142858,9.35,7.862512410760707,EXPLOSIVE
2025-12-01 10:54:45,INDIVIDUAL_STRIKE,ITC25DEC395CE,ITC,395.0,CE,174400,62400,179.4871794871795,11,6.122318590572933,EXPLOSIVE
2025-12-01 10:54:45,INDIVIDUAL_STRIKE,ITC25DEC417.5CE,ITC,417.5,CE,555200,296000,87.56756756756758,1.5,18.91362857841938,EXPLOSIVE
2025-12-01 10:54:52,AGGREGATED,ITC_ALL_PUTS,ITC,MULTIPLE,PUT,35281600,27088000,30.248080330773774,0,0,MODERATE,29,365.0-440.0
2025-12-01 10:55:00,INDIVIDUAL_STRIKE,IEX25DEC152.5CE,IEX,152.5,CE,1110000,712500,55.78947368421052,2.78,4.677948081864081,STRONG
2025-12-01 10:55:01,AGGREGATED,IEX_ALL_CALLS,IEX,MULTIPLE,CALL,34361250,24453750,40.51525839595154,0,0,MODERATE,12,132.5-160.0
2025-12-01 10:55:49,INDIVIDUAL_STRIKE,INFY25DEC1640PE,INFY,1640.0,PE,208800,104800,99.23664122137404,86.7,7.555155554474475,STRONG
2025-12-01 10:56:06,INDIVIDUAL_STRIKE,JSWSTEEL25DEC1180PE,JSWSTEEL,1180.0,PE,185625,81675,127.27272727272727,36.75,22.88900115473441,EXPLOSIVE
2025-12-01 10:56:06,INDIVIDUAL_STRIKE,JSWSTEEL25DEC1190PE,JSWSTEEL,1190.0,PE,88425,42525,107.93650793650794,42.2,23.55050869433379,EXPLOSIVE
2025-12-01 10:56:11,INDIVIDUAL_STRIKE,JSWSTEEL25DEC1090PE,JSWSTEEL,1090.0,PE,85050,63450,34.04255319148936,6.7,27.022696929238982,EXPLOSIVE
2025-12-01 10:56:12,INDIVIDUAL_STRIKE,JSWSTEEL25DEC1050PE,JSWSTEEL,1050.0,PE,359775,177525,102.6615969581749,2.6,38.77476155539252,EXPLOSIVE
2025-12-01 10:56:19,INDIVIDUAL_STRIKE,JINDALSTEL25DEC960PE,JINDALSTEL,960.0,PE,13125,9375,40.0,3.4,3.1948881789137342,MODERATE
2025-12-01 10:56:29,INDIVIDUAL_STRIKE,KEI25DEC4300PE,KEI,4300.0,PE,700,525,33.33333333333333,216.45,4.081264651078912,MODERATE
2025-12-01 10:56:37,AGGREGATED,KPITTECH_ALL_PUTS,KPITTECH,MULTIPLE,PUT,526400,402800,30.685203574975173,0,0,MODERATE,12,1140.0-1360.0
2025-12-01 10:56:39,INDIVIDUAL_STRIKE,KALYANKJIL25DEC530PE,KALYANKJIL,530.0,PE,41125,29375,40.0,27.3,4.964894684052161,MODERATE
2025-12-01 10:56:42,INDIVIDUAL_STRIKE,KAYNES25DEC5400PE,KAYNES,5400.0,PE,88300,44700,97.53914988814317,174.95,6.256280574665669,STRONG
2025-12-01 10:56:44,INDIVIDUAL_STRIKE,KAYNES25DEC5100PE,KAYNES,5100.0,PE,28700,20700,38.64734299516908,74.9,15.849460866037413,EXPLOSIVE
2025-12-01 10:56:46,INDIVIDUAL_STRIKE,KFINTECH25DEC1040CE,KFINTECH,1040.0,CE,22050,6300,250.0,81.95,5.921392766426152,EXPLOSIVE
2025-12-01 10:56:46,INDIVIDUAL_STRIKE,KFINTECH25DEC1100CE,KFINTECH,1100.0,CE,407250,161550,152.0891364902507,41.5,10.334895966220223,EXPLOSIVE
2025-12-01 10:56:47,INDIVIDUAL_STRIKE,KFINTECH25DEC1120CE,KFINTECH,1120.0,CE,237600,27000,780.0,31.45,4.609250127890265,EXPLOSIVE
2025-12-01 10:56:47,INDIVIDUAL_STRIKE,KFINTECH25DEC1000CE,KFINTECH,1000.0,CE,18900,5400,250.0,118.6,9.611829944547127,EXPLOSIVE
2025-12-01 10:56:48,INDIVIDUAL_STRIKE,KFINTECH25DEC1140CE,KFINTECH,1140.0,CE,104400,22500,364.0,23.2,8.168167162490771,EXPLOSIVE
2025-12-01 10:56:49,AGGREGATED,KFINTECH_ALL_CALLS,KFINTECH,MULTIPLE,CALL,1632600,691200,136.19791666666669,0,0,STRONG,11,1000.0-1200.0
2025-12-01 10:56:49,AGGREGATED,KFINTECH_ALL_PUTS,KFINTECH,MULTIPLE,PUT,890100,304650,192.17134416543576,0,0,STRONG,11,1000.0-1200.0
2025-12-01 10:56:51,INDIVIDUAL_STRIKE,KOTAKBANK25DEC2180CE,KOTAKBANK,2180.0,CE,266800,200000,33.4,32.6,4.402275225849631,MODERATE
2025-12-01 10:56:55,INDIVIDUAL_STRIKE,KOTAKBANK25DEC2320CE,KOTAKBANK,2320.0,CE,512800,318000,61.257861635220124,3.4,3.6325678496868443,STRONG
2025-12-01 10:57:12,INDIVIDUAL_STRIKE,LTIM25DEC6200PE,LTIM,6200.0,PE,14550,8550,70.17543859649122,191.5,8.589094200330408,STRONG
2025-12-01 10:57:28,INDIVIDUAL_STRIKE,LT25DEC3780PE,LT,3780.0,PE,35700,525,6700.0,3.85,5.792427272140879,EXPLOSIVE
2025-12-01 10:57:30,INDIVIDUAL_STRIKE,LAURUSLABS25DEC1040PE,LAURUSLABS,1040.0,PE,102000,70550,44.57831325301205,37.55,11.807146129180026,EXPLOSIVE
2025-12-01 10:57:31,INDIVIDUAL_STRIKE,LAURUSLABS25DEC1050PE,LAURUSLABS,1050.0,PE,87550,64600,35.526315789473685,43.55,12.467418591522229,EXPLOSIVE
2025-12-01 10:57:57,INDIVIDUAL_STRIKE,M&M25DEC3500PE,M&M,3500.0,PE,383400,277400,38.211968276856524,19.75,9.347218051708381,STRONG
2025-12-01 10:58:15,INDIVIDUAL_STRIKE,MARUTI25DEC15600PE,MARUTI,15600.0,PE,40200,12600,219.04761904761907,135.8,16.98877357556109,EXPLOSIVE
2025-12-01 10:58:47,INDIVIDUAL_STRIKE,MUTHOOTFIN25DEC3850PE,MUTHOOTFIN,3850.0,PE,5225,3300,58.333333333333336,116.95,4.061268590313972,STRONG
2025-12-01 10:58:50,AGGREGATED,MUTHOOTFIN_ALL_CALLS,MUTHOOTFIN,MULTIPLE,CALL,1980275,1403875,41.05778648383938,0,0,MODERATE,15,3450.0-4150.0
2025-12-01 10:59:35,INDIVIDUAL_STRIKE,NUVAMA25DEC7500PE,NUVAMA,7500.0,PE,20025,13125,52.57142857142857,237.45,13.095276549576369,EXPLOSIVE
2025-12-01 10:59:35,INDIVIDUAL_STRIKE,NUVAMA25DEC7600PE,NUVAMA,7600.0,PE,1350,525,157.14285714285714,309,29.412791204955933,EXPLOSIVE
2025-12-01 11:00:06,AGGREGATED,PAYTM_ALL_PUTS,PAYTM,MULTIPLE,PUT,3514075,2538950,38.40662478583666,0,0,MODERATE,12,1240.0-1480.0
2025-12-01 11:00:12,INDIVIDUAL_STRIKE,POLICYBZR25DEC1840CE,POLICYBZR,1840.0,CE,98700,68600,43.87755102040816,68,4.6316486022139784,MODERATE
2025-12-01 11:00:26,INDIVIDUAL_STRIKE,PIIND25DEC3100PE,PIIND,3100.0,PE,19600,15050,30.23255813953488,7.9,5.199036690749402,STRONG
2025-12-01 11:00:33,INDIVIDUAL_STRIKE,PAGEIND25DEC37500PE,PAGEIND,37500.0,PE,1335,1020,30.88235294117647,723.65,5.502886301396846,STRONG
2025-12-01 11:00:35,INDIVIDUAL_STRIKE,PAGEIND25DEC36000PE,PAGEIND,36000.0,PE,2640,1935,36.434108527131784,253.4,3.7105068362779057,MODERATE
2025-12-01 11:00:37,INDIVIDUAL_STRIKE,PAGEIND25DEC35000PE,PAGEIND,35000.0,PE,5820,3945,47.52851711026616,133.4,6.02061346960655,STRONG
2025-12-01 11:00:37,AGGREGATED,PAGEIND_ALL_CALLS,PAGEIND,MULTIPLE,CALL,57630,43740,31.75582990397805,0,0,MODERATE,15,34000.0-41000.0
2025-12-01 11:02:11,INDIVIDUAL_STRIKE,SBILIFE25DEC1900PE,SBILIFE,1900.0,PE,290625,97500,198.0769230769231,12.9,6.255686033003485,EXPLOSIVE
2025-12-01 11:02:54,INDIVIDUAL_STRIKE,SBIN25DEC1005PE,SBIN,1005.0,PE,122250,93000,31.451612903225808,26.5,9.923841444191867,STRONG
2025-12-01 11:03:25,INDIVIDUAL_STRIKE,SYNGENE25DEC590PE,SYNGENE,590.0,PE,16000,1000,1500.0,2.1,6.2068965517241415,EXPLOSIVE
2025-12-01 11:03:36,INDIVIDUAL_STRIKE,TVSMOTOR25DEC3600PE,TVSMOTOR,3600.0,PE,123725,45675,170.88122605363984,75.9,3.1016286663178745,EXPLOSIVE
2025-12-01 11:03:37,INDIVIDUAL_STRIKE,TVSMOTOR25DEC3650PE,TVSMOTOR,3650.0,PE,43400,13300,226.3157894736842,101.3,3.365940599447622,EXPLOSIVE
2025-12-01 11:04:52,INDIVIDUAL_STRIKE,TIINDIA25DEC2750PE,TIINDIA,2750.0,PE,6600,4600,43.47826086956522,57.6,14.81326059588754,EXPLOSIVE
2025-12-01 11:04:55,INDIVIDUAL_STRIKE,UNOMINDA25DEC1320PE,UNOMINDA,1320.0,PE,134750,88550,52.17391304347826,41.95,12.882301465762419,EXPLOSIVE
2025-12-01 11:04:55,INDIVIDUAL_STRIKE,UNOMINDA25DEC1300PE,UNOMINDA,1300.0,PE,98450,70950,38.759689922480625,32.75,15.361504033594867,EXPLOSIVE
2025-12-01 11:04:55,INDIVIDUAL_STRIKE,UNOMINDA25DEC1340PE,UNOMINDA,1340.0,PE,69300,34100,103.2258064516129,52.05,10.182187122270161,EXPLOSIVE
2025-12-01 11:04:56,INDIVIDUAL_STRIKE,UNOMINDA25DEC1280PE,UNOMINDA,1280.0,PE,79200,47300,67.44186046511628,24.2,13.619730173854194,EXPLOSIVE
2025-12-01 11:04:59,INDIVIDUAL_STRIKE,UNOMINDA25DEC1220PE,UNOMINDA,1220.0,PE,44000,26950,63.26530612244898,9.6,8.956328645447812,STRONG
2025-12-01 11:05:00,AGGREGATED,UNOMINDA_ALL_CALLS,UNOMINDA,MULTIPLE,CALL,1701700,976800,74.21171171171171,0,0,STRONG,13,1200.0-1440.0
2025-12-01 11:05:00,AGGREGATED,UNOMINDA_ALL_PUTS,UNOMINDA,MULTIPLE,PUT,607750,415800,46.164021164021165,0,0,MODERATE,13,1200.0-1440.0
2025-12-01 11:05:09,INDIVIDUAL_STRIKE,ULTRACEMCO25DEC11000PE,ULTRACEMCO,11000.0,PE,25250,17250,46.3768115942029,25.35,12.736060799031224,EXPLOSIVE
2025-12-01 11:05:32,INDIVIDUAL_STRIKE,VEDL25DEC535PE,VEDL,535.0,PE,372600,164450,126.57342657342659,16.3,9.843762418957436,EXPLOSIVE
2025-12-01 11:05:32,INDIVIDUAL_STRIKE,VEDL25DEC540PE,VEDL,540.0,PE,480700,269100,78.63247863247864,19.05,9.750968415595421,STRONG
2025-12-01 11:05:33,INDIVIDUAL_STRIKE,VEDL25DEC545PE,VEDL,545.0,PE,106950,73600,45.3125,21.95,9.106682297772558,STRONG
2025-12-01 12:35:57,INDIVIDUAL_STRIKE,ABB25DEC5250PE,ABB,5250.0,PE,2250,750,200.0,153,6.363103126154106,EXPLOSIVE,-0.3188405797101449,False,100,
2025-12-01 12:38:34,INDIVIDUAL_STRIKE,BANKINDIA25DEC149PE,BANKINDIA,149.0,PE,104000,57200,81.81818181818183,4.85,24.94145199063231,EXPLOSIVE,-0.21068370259614916,False,100,
2025-12-01 12:39:39,INDIVIDUAL_STRIKE,BRITANNIA25DEC5300PE,BRITANNIA,5300.0,PE,3875,2125,82.35294117647058,3,5.548037889039239,STRONG,-0.3079028395484092,False,100,
2025-12-01 12:39:45,INDIVIDUAL_STRIKE,CANBK25DEC154PE,CANBK,154.0,PE,222750,162000,37.5,5.4,7.858667952338324,STRONG,-0.19791529225492238,False,100,
2025-12-01 12:41:18,INDIVIDUAL_STRIKE,DALBHARAT25DEC2040PE,DALBHARAT,2040.0,PE,26325,19175,37.28813559322034,54,5.032822757111594,STRONG,-0.17418134766596993,False,100,
2025-12-01 12:41:24,AGGREGATED,DALBHARAT_ALL_CALLS,DALBHARAT,MULTIPLE,CALL,491075,350350,40.1669758812616,0,0,MODERATE,20,1820.0-2200.0
2025-12-01 12:41:37,AGGREGATED,DIVISLAB_ALL_PUTS,DIVISLAB,MULTIPLE,PUT,503900,343700,46.61041606051789,0,0,MODERATE,25,5800.0-7050.0
2025-12-01 12:43:00,AGGREGATED,HCLTECH_ALL_CALLS,HCLTECH,MULTIPLE,CALL,4302900,3007900,43.05329299511287,0,0,MODERATE,17,1480.0-1800.0
2025-12-01 12:43:44,AGGREGATED,HEROMOTOCO_ALL_CALLS,HEROMOTOCO,MULTIPLE,CALL,2035050,1370100,48.53295379899277,0,0,MODERATE,23,5700.0-6900.0
2025-12-01 12:43:44,AGGREGATED,HEROMOTOCO_ALL_PUTS,HEROMOTOCO,MULTIPLE,PUT,1682250,1214400,38.5251976284585,0,0,MODERATE,23,5700.0-6900.0
2025-12-01 12:44:15,AGGREGATED,HINDZINC_ALL_CALLS,HINDZINC,MULTIPLE,CALL,16072000,11053175,45.4061841959437,0,0,MODERATE,19,455.0-550.0
2025-12-01 12:44:15,AGGREGATED,HINDZINC_ALL_PUTS,HINDZINC,MULTIPLE,PUT,6991075,4842425,44.371363521376175,0,0,MODERATE,18,455.0-550.0
2025-12-01 12:44:30,INDIVIDUAL_STRIKE,ICICIGI25DEC1960CE,ICICIGI,1960.0,CE,8450,5525,52.94117647058824,63.7,10.651750972762656,EXPLOSIVE,0.3450900786602362,False,100,
2025-12-01 12:44:34,INDIVIDUAL_STRIKE,ICICIGI25DEC2140CE,ICICIGI,2140.0,CE,10725,6175,73.68421052631578,7.5,11.911499871366098,EXPLOSIVE,0.3450900786602362,False,100,
2025-12-01 12:44:35,AGGREGATED,ICICIGI_ALL_CALLS,ICICIGI,MULTIPLE,CALL,753675,565500,33.275862068965516,0,0,MODERATE,20,1780.0-2160.0
2025-12-01 12:44:53,INDIVIDUAL_STRIKE,ITC25DEC402.5CE,ITC,402.5,CE,928000,697600,33.02752293577982,8.05,22.247998357626777,EXPLOSIVE,0.04947433518861809,False,100,
2025-12-01 12:44:54,INDIVIDUAL_STRIKE,ITC25DEC397.5CE,ITC,397.5,CE,227200,100800,125.39682539682539,11.4,21.846537741734245,EXPLOSIVE,0.04947433518861809,False,100,
2025-12-01 12:44:55,INDIVIDUAL_STRIKE,ITC25DEC395CE,ITC,395.0,CE,116800,62400,87.17948717948718,13.35,21.70616432219334,EXPLOSIVE,0.04947433518861809,False,100,
2025-12-01 12:44:56,INDIVIDUAL_STRIKE,ITC25DEC417.5CE,ITC,417.5,CE,566400,296000,91.35135135135135,2,35.09933774834437,EXPLOSIVE,0.04947433518861809,False,100,
2025-12-01 12:44:56,INDIVIDUAL_STRIKE,ITC25DEC392.5CE,ITC,392.5,CE,54400,41600,30.76923076923077,14.7,12.53377364154908,EXPLOSIVE,0.04947433518861809,False,100,
2025-12-01 12:45:00,INDIVIDUAL_STRIKE,ITC25DEC432.5CE,ITC,432.5,CE,289600,185600,56.03448275862068,0.5,39.14027149321266,EXPLOSIVE,0.06184291898577613,False,100,
2025-12-01 12:45:04,AGGREGATED,ITC_ALL_PUTS,ITC,MULTIPLE,PUT,37169600,27088000,37.21795629060839,0,0,MODERATE,29,365.0-440.0
2025-12-01 12:45:13,AGGREGATED,IEX_ALL_CALLS,IEX,MULTIPLE,CALL,34642500,24453750,41.66538874405766,0,0,MODERATE,12,132.5-160.0
2025-12-01 12:45:34,INDIVIDUAL_STRIKE,IRFC25DEC121PE,IRFC,121.0,PE,51000,38250,33.33333333333333,5.02,5.020920502092036,STRONG,-0.4082674151569191,False,100,
2025-12-01 12:45:59,INDIVIDUAL_STRIKE,INFY25DEC1600PE,INFY,1600.0,PE,762000,571200,33.403361344537814,57,4.502468515185132,MODERATE,-0.0705083007499461,False,100,
2025-12-01 12:46:00,INDIVIDUAL_STRIKE,INFY25DEC1640PE,INFY,1640.0,PE,202800,104800,93.51145038167938,84.65,4.678151188562419,STRONG,-0.0705083007499461,False,100,
2025-12-01 12:46:31,INDIVIDUAL_STRIKE,JINDALSTEL25DEC960PE,JINDALSTEL,960.0,PE,20000,9375,113.33333333333333,3.85,4.091070793311997,EXPLOSIVE,-0.1148985063194222,False,100,
2025-12-01 12:46:57,AGGREGATED,KAYNES_ALL_CALLS,KAYNES,MULTIPLE,CALL,778000,534800,45.47494390426328,0,0,MODERATE,10,4900.0-5800.0
2025-12-01 12:47:01,AGGREGATED,KFINTECH_ALL_CALLS,KFINTECH,MULTIPLE,CALL,1624050,691200,134.9609375,0,0,STRONG,11,1000.0-1200.0
2025-12-01 12:47:01,AGGREGATED,KFINTECH_ALL_PUTS,KFINTECH,MULTIPLE,PUT,940950,304650,208.8626292466765,0,0,STRONG,11,1000.0-1200.0
2025-12-01 12:47:41,INDIVIDUAL_STRIKE,LT25DEC3780PE,LT,3780.0,PE,35700,525,6700.0,5,36.21594601349662,EXPLOSIVE,-0.3341851779044601,False,100,
2025-12-01 12:48:20,INDIVIDUAL_STRIKE,MARICO25DEC720CE,MARICO,720.0,CE,223200,154800,44.18604651162791,16.3,10.682083851417264,EXPLOSIVE,0.21605798717592253,False,100,
2025-12-01 12:48:20,INDIVIDUAL_STRIKE,MARICO25DEC710CE,MARICO,710.0,CE,40800,26400,54.54545454545454,22,10.09696039125367,EXPLOSIVE,0.21605798717592253,False,100,
2025-12-01 12:49:02,AGGREGATED,MUTHOOTFIN_ALL_CALLS,MUTHOOTFIN,MULTIPLE,CALL,2001175,1403875,42.54652301665035,0,0,MODERATE,15,3450.0-4150.0
2025-12-01 12:49:46,INDIVIDUAL_STRIKE,NESTLEIND25DEC1190PE,NESTLEIND,1190.0,PE,21000,10000,110.00000000000001,3.15,3.1518624641833797,EXPLOSIVE,-0.4440567758306169,False,100,
2025-12-01 12:50:19,AGGREGATED,PAYTM_ALL_PUTS,PAYTM,MULTIPLE,PUT,3692425,2734700,35.021208907741254,0,0,MODERATE,13,1220.0-1480.0
2025-12-01 12:50:30,AGGREGATED,POLICYBZR_ALL_CALLS,POLICYBZR,MULTIPLE,CALL,1206100,925400,30.33282904689864,0,0,MODERATE,19,1680.0-2040.0
2025-12-01 12:50:44,AGGREGATED,PNBHOUSING_ALL_CALLS,PNBHOUSING,MULTIPLE,CALL,2157350,1656850,30.207924676343662,0,0,MODERATE,19,820.0-1000.0
2025-12-01 12:50:50,AGGREGATED,PAGEIND_ALL_CALLS,PAGEIND,MULTIPLE,CALL,63810,43740,45.884773662551446,0,0,MODERATE,15,34000.0-41000.0
2025-12-01 12:51:18,INDIVIDUAL_STRIKE,PPLPHARMA25DEC192.5PE,PPLPHARMA,192.5,PE,57500,42500,35.294117647058826,8.18,6.475756589651802,STRONG,-0.06409914000320738,False,100,
2025-12-01 12:52:18,INDIVIDUAL_STRIKE,SBILIFE25DEC1900PE,SBILIFE,1900.0,PE,274875,97500,181.92307692307693,13.25,7.086181728837558,EXPLOSIVE,-0.2492370295015306,False,100,
2025-12-01 12:53:47,AGGREGATED,TVSMOTOR_ALL_CALLS,TVSMOTOR,MULTIPLE,CALL,1837150,1282750,43.219645293315146,0,0,MODERATE,14,3300.0-4000.0
2025-12-01 12:53:47,AGGREGATED,TVSMOTOR_ALL_PUTS,TVSMOTOR,MULTIPLE,PUT,1203300,833000,44.45378151260504,0,0,MODERATE,14,3300.0-4000.0
2025-12-01 12:54:21,INDIVIDUAL_STRIKE,FEDERALBNK25DEC242.5PE,FEDERALBNK,242.5,PE,735000,565000,30.08849557522124,1.15,11.074104912572842,EXPLOSIVE,-0.39547146401986605,False,100,
2025-12-01 12:55:04,AGGREGATED,UNOMINDA_ALL_CALLS,UNOMINDA,MULTIPLE,CALL,1928850,976800,97.46621621621621,0,0,STRONG,13,1200.0-1440.0
2025-12-01 12:55:04,AGGREGATED,UNOMINDA_ALL_PUTS,UNOMINDA,MULTIPLE,PUT,647350,415800,55.68783068783068,0,0,STRONG,13,1200.0-1440.0
2025-12-01 13:31:11,INDIVIDUAL_STRIKE,ADANIENSOL25DEC900CE,ADANIENSOL,900.0,CE,18900,5400,250.0,112.15,3.7636718104616267,EXPLOSIVE,0.24634256699010063,False,100,
2025-12-01 13:31:33,INDIVIDUAL_STRIKE,ABCAPITAL25DEC370PE,ABCAPITAL,370.0,PE,77500,55800,38.88888888888889,17.1,3.5625222657641697,MODERATE,-0.4887585532746823,False,100,
2025-12-01 13:32:14,INDIVIDUAL_STRIKE,ASHOKLEY25DEC169CE,ASHOKLEY,169.0,CE,705000,495000,42.42424242424242,1.37,8.51350004981569,STRONG,0.3921072603086292,False,100,
2025-12-01 13:33:24,INDIVIDUAL_STRIKE,BANKINDIA25DEC149PE,BANKINDIA,149.0,PE,114400,57200,100.0,4.6,16.70190274841436,EXPLOSIVE,-0.21747995106700638,False,100,
2025-12-01 13:34:02,AGGREGATED,BPCL_ALL_PUTS,BPCL,MULTIPLE,PUT,8318700,6379250,30.40247678018576,0,0,MODERATE,26,320.0-390.0
2025-12-01 13:34:30,INDIVIDUAL_STRIKE,BRITANNIA25DEC5300PE,BRITANNIA,5300.0,PE,3875,2125,82.35294117647058,3,5.548037889039239,STRONG,-0.2223742730071844,False,100,
2025-12-01 13:35:01,INDIVIDUAL_STRIKE,CIPLA25DEC1450PE,CIPLA,1450.0,PE,132750,93375,42.168674698795186,4.65,4.176557863501488,MODERATE,-0.4179455364722696,False,100,
2025-12-01 13:35:02,INDIVIDUAL_STRIKE,CIPLA25DEC1410PE,CIPLA,1410.0,PE,579375,337500,71.66666666666667,1.5,5.3450960041515225,STRONG,-0.4179455364722696,False,100,
2025-12-01 13:35:38,AGGREGATED,CAMS_ALL_CALLS,CAMS,MULTIPLE,CALL,816300,615600,32.60233918128655,0,0,MODERATE,16,3550.0-4300.0
2025-12-01 13:36:10,INDIVIDUAL_STRIKE,DALBHARAT25DEC2040PE,DALBHARAT,2040.0,PE,26325,19175,37.28813559322034,54,5.032822757111594,STRONG,-0.3682691350651981,False,100,
2025-12-01 13:36:15,AGGREGATED,DALBHARAT_ALL_CALLS,DALBHARAT,MULTIPLE,CALL,493025,350350,40.72356215213358,0,0,MODERATE,20,1820.0-2200.0
2025-12-01 13:36:28,AGGREGATED,DIVISLAB_ALL_PUTS,DIVISLAB,MULTIPLE,PUT,506800,343700,47.45417515274949,0,0,MODERATE,25,5800.0-7050.0
2025-12-01 13:36:36,INDIVIDUAL_STRIKE,DRREDDY25DEC1330CE,DRREDDY,1330.0,CE,43750,30625,42.857142857142854,5.6,6.549579216977665,STRONG,0.15093740069908573,False,100,
2025-12-01 13:36:37,INDIVIDUAL_STRIKE,DRREDDY25DEC1370CE,DRREDDY,1370.0,CE,66250,27500,140.9090909090909,1.75,10.058455956460397,EXPLOSIVE,0.15093740069908573,False,100,
2025-12-01 13:37:51,AGGREGATED,HCLTECH_ALL_CALLS,HCLTECH,MULTIPLE,CALL,4280850,3007900,42.32022341168257,0,0,MODERATE,17,1480.0-1800.0
2025-12-01 13:38:34,AGGREGATED,HEROMOTOCO_ALL_CALLS,HEROMOTOCO,MULTIPLE,CALL,2073900,1370100,51.368513247208234,0,0,STRONG,23,5700.0-6900.0
2025-12-01 13:38:34,AGGREGATED,HEROMOTOCO_ALL_PUTS,HEROMOTOCO,MULTIPLE,PUT,1673250,1214400,37.784090909090914,0,0,MODERATE,23,5700.0-6900.0
2025-12-01 13:39:05,AGGREGATED,HINDZINC_ALL_CALLS,HINDZINC,MULTIPLE,CALL,16264325,11053175,47.146181979386014,0,0,MODERATE,19,455.0-550.0
2025-12-01 13:39:05,AGGREGATED,HINDZINC_ALL_PUTS,HINDZINC,MULTIPLE,PUT,7576625,4842425,56.4634454844422,0,0,STRONG,18,455.0-550.0
2025-12-01 13:39:26,AGGREGATED,ICICIGI_ALL_CALLS,ICICIGI,MULTIPLE,CALL,798850,565500,41.26436781609195,0,0,MODERATE,20,1800.0-2180.0
2025-12-01 13:39:43,INDIVIDUAL_STRIKE,ITC25DEC407.5CE,ITC,407.5,CE,1300800,936000,38.97435897435898,5.45,18.875786657826012,EXPLOSIVE,0.08658008658009221,False,100,
2025-12-01 13:39:45,INDIVIDUAL_STRIKE,ITC25DEC397.5CE,ITC,397.5,CE,222400,100800,120.63492063492063,11.6,23.6074324808001,EXPLOSIVE,0.09894867037723618,False,100,
2025-12-01 13:39:46,INDIVIDUAL_STRIKE,ITC25DEC395CE,ITC,395.0,CE,120000,62400,92.3076923076923,13.5,22.454319480179667,EXPLOSIVE,0.09894867037723618,False,100,
2025-12-01 13:39:47,INDIVIDUAL_STRIKE,ITC25DEC417.5CE,ITC,417.5,CE,564800,296000,90.81081081081082,2.05,36.70099208840889,EXPLOSIVE,0.09894867037723618,False,100,
2025-12-01 13:39:47,INDIVIDUAL_STRIKE,ITC25DEC392.5CE,ITC,392.5,CE,54400,41600,30.76923076923077,14.7,12.53377364154908,EXPLOSIVE,0.11131725417439423,False,100,
2025-12-01 13:39:51,INDIVIDUAL_STRIKE,ITC25DEC432.5CE,ITC,432.5,CE,289600,185600,56.03448275862068,0.45,24.97200447928331,EXPLOSIVE,0.09894867037723618,False,100,
2025-12-01 13:39:54,AGGREGATED,ITC_ALL_PUTS,ITC,MULTIPLE,PUT,37518400,27088000,38.50561134081512,0,0,MODERATE,30,365.0-445.0
2025-12-01 13:40:04,AGGREGATED,IEX_ALL_CALLS,IEX,MULTIPLE,CALL,35212500,24453750,43.99631958288606,0,0,MODERATE,12,132.5-160.0
2025-12-01 13:40:24,INDIVIDUAL_STRIKE,IRFC25DEC121PE,IRFC,121.0,PE,51000,38250,33.33333333333333,5.02,5.020920502092036,STRONG,-0.3912562728587172,False,100,
2025-12-01 13:41:04,INDIVIDUAL_STRIKE,JSWENERGY25DEC510CE,JSWENERGY,510.0,CE,902000,632000,42.721518987341774,7.2,5.837099970212279,STRONG,0.3785940857464489,False,100,
2025-12-01 13:41:05,INDIVIDUAL_STRIKE,JSWENERGY25DEC520CE,JSWENERGY,520.0,CE,1253000,869000,44.18872266973533,4.85,8.821253816235194,STRONG,0.3785940857464489,False,100,
2025-12-01 13:41:39,AGGREGATED,KPITTECH_ALL_PUTS,KPITTECH,MULTIPLE,PUT,563200,402800,39.821251241310826,0,0,MODERATE,12,1140.0-1360.0
2025-12-01 13:41:47,AGGREGATED,KAYNES_ALL_CALLS,KAYNES,MULTIPLE,CALL,1023500,701200,45.964061608670846,0,0,MODERATE,11,4900.0-5900.0
2025-12-01 13:41:51,AGGREGATED,KFINTECH_ALL_CALLS,KFINTECH,MULTIPLE,CALL,1614150,691200,133.52864583333331,0,0,STRONG,11,1000.0-1200.0
2025-12-01 13:41:51,AGGREGATED,KFINTECH_ALL_PUTS,KFINTECH,MULTIPLE,PUT,948150,304650,211.22599704579022,0,0,STRONG,11,1000.0-1200.0
2025-12-01 13:42:30,INDIVIDUAL_STRIKE,LT25DEC3780PE,LT,3780.0,PE,35875,525,6733.333333333333,4.5,22.46800049707965,EXPLOSIVE,-0.25801061529388636,False,100,
2025-12-01 13:42:51,INDIVIDUAL_STRIKE,LUPIN25DEC2020PE,LUPIN,2020.0,PE,99450,75650,31.46067415730337,23.3,8.680659884677565,STRONG,-0.24973585630582168,False,100,
2025-12-01 13:43:10,INDIVIDUAL_STRIKE,MARICO25DEC720CE,MARICO,720.0,CE,222000,154800,43.41085271317829,16,8.237521227137327,STRONG,0.1393922497909116,False,100,
2025-12-01 13:43:11,INDIVIDUAL_STRIKE,MARICO25DEC710CE,MARICO,710.0,CE,36000,26400,36.36363636363637,21,4.405775638652352,MODERATE,0.1393922497909116,False,100,
2025-12-01 13:43:52,AGGREGATED,MUTHOOTFIN_ALL_CALLS,MUTHOOTFIN,MULTIPLE,CALL,2010250,1403875,43.192948090107734,0,0,MODERATE,15,3450.0-4150.0
2025-12-01 13:44:06,INDIVIDUAL_STRIKE,NCC25DEC162.5PE,NCC,162.5,PE,102600,59400,72.72727272727273,2.19,13.575350823672968,EXPLOSIVE,-0.02916982673121927,False,100,
2025-12-01 13:44:09,INDIVIDUAL_STRIKE,NHPC25DEC76CE,NHPC,76.0,CE,787200,595200,32.25806451612903,2.77,8.805821179046337,STRONG,0.11727912431587623,False,100,
2025-12-01 13:45:12,AGGREGATED,PAYTM_ALL_PUTS,PAYTM,MULTIPLE,PUT,3487250,2538950,37.35008566533409,0,0,MODERATE,12,1240.0-1480.0
2025-12-01 13:45:23,AGGREGATED,POLICYBZR_ALL_PUTS,POLICYBZR,MULTIPLE,PUT,563150,420000,34.08333333333333,0,0,MODERATE,17,1680.0-2000.0
2025-12-01 13:45:37,AGGREGATED,PNBHOUSING_ALL_CALLS,PNBHOUSING,MULTIPLE,CALL,2167750,1656850,30.835621812475484,0,0,MODERATE,19,820.0-1000.0
2025-12-01 13:45:43,AGGREGATED,PAGEIND_ALL_CALLS,PAGEIND,MULTIPLE,CALL,67770,43740,54.93827160493827,0,0,STRONG,15,34000.0-41000.0
2025-12-01 13:46:11,INDIVIDUAL_STRIKE,PPLPHARMA25DEC192.5PE,PPLPHARMA,192.5,PE,57500,42500,35.294117647058826,8.18,6.475756589651802,STRONG,-0.11217349500561291,False,100,
2025-12-01 13:48:42,AGGREGATED,TVSMOTOR_ALL_CALLS,TVSMOTOR,MULTIPLE,CALL,1868475,1282750,45.66166439290586,0,0,MODERATE,14,3300.0-4000.0
2025-12-01 13:48:42,AGGREGATED,TVSMOTOR_ALL_PUTS,TVSMOTOR,MULTIPLE,PUT,1207500,833000,44.957983193277315,0,0,MODERATE,14,3300.0-4000.0
2025-12-01 13:50:00,AGGREGATED,UNOMINDA_ALL_CALLS,UNOMINDA,MULTIPLE,CALL,1975600,978450,101.91118605958405,0,0,STRONG,14,1180.0-1440.0
2025-12-01 13:50:00,AGGREGATED,UNOMINDA_ALL_PUTS,UNOMINDA,MULTIPLE,PUT,805750,432850,86.14993646759848,0,0,STRONG,14,1180.0-1440.0
2025-12-01 13:50:48,INDIVIDUAL_STRIKE,WIPRO25DEC270CE,WIPRO,270.0,CE,4248000,3135000,35.50239234449761,0.92,5.320757433940528,STRONG,0.44884382639362186,False,100,
