sector,level_4,symbol_count,date,EM,EM_chng_1d,EM_chng_3d,EM_chng_5d,EM_trend,PPDs_lookback,PPD_success,sector_index,index_pct_change_5d,index_trend,regime,market_type,position_size,trading_action,confidence,follow_through_symbols
Auto Components & Equipments,Auto Components & Equipments,39,2025-11-12,42.86,0.0,42.86,42.86,stable,7,3,2538.34,-1.32,falling,Strong Bullish,Unknown,120.0,AGGRESSIVE - Strong momentum,0.9,"LGBBROSLTD, LUMAXIND, LUMAXTECH"
Industrial Products,Industrial Products,23,2025-11-12,37.5,0.0,-12.5,-22.5,stable,8,3,3728.74,-1.06,falling,Deteriorating,Unknown,0.0,EXIT - EM crashing,0.9,"CPPLUS, DYNAMATECH, JYOTICNC"
Pharmaceuticals,Pharmaceuticals,62,2025-11-12,11.11,0.0,0.0,-3.17,crashing,9,1,2376.54,-1.72,falling,Bear Control,Unknown,0.0,CASH - No trades (most setups failing),0.9,ORCHPHARMA
Specialty Chemicals,Specialty Chemicals,31,2025-11-12,0.0,0.0,0.0,0.0,crashing,2,1,1874.8,-2.01,falling,Bear Control,Unknown,0.0,CASH - No trades (most setups failing),0.9,PRIVISCL
Packaged Foods,Packaged Foods,7,2025-11-12,0.0,0.0,0.0,0.0,crashing,0,0,1702.49,-0.5,flat,Bear Control,Unknown,0.0,CASH - No trades (most setups failing),0.9,
"Compressors, Pumps & Diesel Engines","Compressors, Pumps & Diesel Engines",11,2025-11-12,0.0,0.0,0.0,0.0,crashing,1,0,1713.91,-0.97,flat,Bear Control,Unknown,0.0,CASH - No trades (most setups failing),0.9,
Commodity Chemicals,Commodity Chemicals,8,2025-11-12,0.0,0.0,0.0,0.0,crashing,0,0,929.58,-3.21,falling,Bear Control,Unknown,0.0,CASH - No trades (most setups failing),0.9,
Aerospace & Defense,Aerospace & Defense,14,2025-11-12,0.0,0.0,0.0,0.0,crashing,1,0,1539.85,3.46,rising,Bear Control,Unknown,0.0,CASH - No trades (most setups failing),0.9,
Iron & Steel Products,Iron & Steel Products,19,2025-11-12,0.0,0.0,0.0,-60.0,crashing,3,0,739.77,-0.64,flat,Bear Control,Unknown,0.0,CASH - No trades (most setups failing),0.9,
Dairy Products,Dairy Products,5,2025-11-12,0.0,0.0,0.0,0.0,crashing,1,0,1685.73,-0.8,flat,Bear Control,Unknown,0.0,CASH - No trades (most setups failing),0.9,
Power Generation,Power Generation,15,2025-11-12,0.0,0.0,0.0,0.0,crashing,1,0,280.26,-3.49,falling,Bear Control,Unknown,0.0,CASH - No trades (most setups failing),0.9,
Investment Company,Investment Company,10,2025-11-12,0.0,0.0,0.0,0.0,crashing,1,0,2984.45,-0.71,flat,Bear Control,Unknown,0.0,CASH - No trades (most setups failing),0.9,
Heavy Electrical Equipment,Heavy Electrical Equipment,21,2025-11-12,0.0,0.0,0.0,0.0,crashing,3,2,2696.34,2.65,rising,Bear Control,Unknown,0.0,CASH - No trades (most setups failing),0.9,"POWERINDIA, VOLTAMP"
Other Electrical Equipment,Other Electrical Equipment,11,2025-11-12,0.0,0.0,0.0,0.0,crashing,1,0,1915.71,1.88,rising,Bear Control,Unknown,0.0,CASH - No trades (most setups failing),0.9,
Civil Construction,Civil Construction,34,2025-11-12,0.0,0.0,0.0,0.0,crashing,4,0,705.53,-0.23,flat,Bear Control,Unknown,0.0,CASH - No trades (most setups failing),0.9,
General Insurance,General Insurance,6,2025-11-12,0.0,0.0,0.0,0.0,crashing,0,0,584.84,-0.4,flat,Bear Control,Unknown,0.0,CASH - No trades (most setups failing),0.9,
Holding Company,Holding Company,6,2025-11-12,0.0,0.0,0.0,0.0,crashing,1,0,3036.41,-0.44,flat,Bear Control,Unknown,0.0,CASH - No trades (most setups failing),0.9,
Financial Institution,Financial Institution,6,2025-11-12,0.0,0.0,0.0,0.0,crashing,0,0,216.86,-2.12,falling,Bear Control,Unknown,0.0,CASH - No trades (most setups failing),0.9,
"Tour, Travel Related Services","Tour, Travel Related Services",5,2025-11-12,0.0,0.0,0.0,0.0,crashing,0,0,615.15,0.77,flat,Bear Control,Unknown,0.0,CASH - No trades (most setups failing),0.9,
"Residential, Commercial Projects","Residential, Commercial Projects",27,2025-11-12,0.0,0.0,0.0,0.0,crashing,0,0,775.49,-2.72,falling,Bear Control,Unknown,0.0,CASH - No trades (most setups failing),0.9,
Electrodes & Refractories,Electrodes & Refractories,5,2025-11-12,0.0,0.0,0.0,0.0,crashing,3,1,607.24,-0.98,flat,Bear Control,Unknown,0.0,CASH - No trades (most setups failing),0.9,RPEL
Pesticides & Agrochemicals,Pesticides & Agrochemicals,10,2025-11-12,0.0,0.0,0.0,0.0,crashing,0,0,2445.52,-6.35,falling,Bear Control,Unknown,0.0,CASH - No trades (most setups failing),0.9,
Logistics Solution Provider,Logistics Solution Provider,10,2025-11-12,0.0,0.0,0.0,0.0,crashing,0,0,997.05,-4.72,falling,Bear Control,Unknown,0.0,CASH - No trades (most setups failing),0.9,
Breweries & Distilleries,Breweries & Distilleries,8,2025-11-12,0.0,0.0,0.0,0.0,crashing,0,0,1299.53,-0.81,flat,Bear Control,Unknown,0.0,CASH - No trades (most setups failing),0.9,
Iron & Steel,Iron & Steel,8,2025-11-12,0.0,0.0,0.0,0.0,crashing,1,0,497.32,-0.32,flat,Bear Control,Unknown,0.0,CASH - No trades (most setups failing),0.9,
Tyres & Rubber Products,Tyres & Rubber Products,6,2025-11-12,0.0,0.0,0.0,0.0,crashing,0,0,28226.16,-0.05,flat,Bear Control,Unknown,0.0,CASH - No trades (most setups failing),0.9,
Industrial Minerals,Industrial Minerals,7,2025-11-12,0.0,0.0,0.0,0.0,crashing,1,0,1431.77,-0.56,flat,Bear Control,Unknown,0.0,CASH - No trades (most setups failing),0.9,
Stockbroking & Allied,Stockbroking & Allied,8,2025-11-12,0.0,0.0,0.0,0.0,crashing,1,1,1882.77,3.04,rising,Bear Control,Unknown,0.0,CASH - No trades (most setups failing),0.9,ANGELONE
Asset Management Company,Asset Management Company,5,2025-11-12,0.0,0.0,0.0,0.0,crashing,0,0,1719.35,0.03,flat,Bear Control,Unknown,0.0,CASH - No trades (most setups failing),0.9,
Private Sector Bank,Private Sector Bank,19,2025-11-12,0.0,0.0,0.0,0.0,crashing,2,0,492.15,0.94,flat,Bear Control,Unknown,0.0,CASH - No trades (most setups failing),0.9,
Housing Finance Company,Housing Finance Company,10,2025-11-12,0.0,0.0,0.0,0.0,crashing,2,0,715.44,-0.5,flat,Bear Control,Unknown,0.0,CASH - No trades (most setups failing),0.9,
Passenger Cars & Utility Vehicles,Passenger Cars & Utility Vehicles,5,2025-11-12,0.0,0.0,0.0,0.0,crashing,0,0,8168.04,-0.75,flat,Bear Control,Unknown,0.0,CASH - No trades (most setups failing),0.9,
Diversified Commercial Services,Diversified Commercial Services,10,2025-11-12,0.0,0.0,0.0,0.0,crashing,3,0,470.13,-2.19,falling,Bear Control,Unknown,0.0,CASH - No trades (most setups failing),0.9,
Telecom - Cellular & Fixed line services,Telecom - Cellular & Fixed line services,5,2025-11-12,0.0,0.0,0.0,0.0,crashing,1,0,1151.09,-3.38,falling,Bear Control,Unknown,0.0,CASH - No trades (most setups failing),0.9,
Public Sector Bank,Public Sector Bank,12,2025-11-12,0.0,0.0,0.0,0.0,crashing,0,0,239.85,0.09,flat,Bear Control,Unknown,0.0,CASH - No trades (most setups failing),0.9,
IT Enabled Services,IT Enabled Services,16,2025-11-12,0.0,0.0,0.0,0.0,crashing,0,0,1439.48,-1.79,falling,Bear Control,Unknown,0.0,CASH - No trades (most setups failing),0.9,
Household Appliances,Household Appliances,15,2025-11-12,0.0,0.0,0.0,0.0,crashing,0,0,1362.32,-5.08,falling,Bear Control,Unknown,0.0,CASH - No trades (most setups failing),0.9,
LPG/CNG/PNG/LNG Supplier,LPG/CNG/PNG/LNG Supplier,5,2025-11-12,0.0,0.0,0.0,0.0,crashing,0,0,550.95,-1.47,falling,Bear Control,Unknown,0.0,CASH - No trades (most setups failing),0.9,
Speciality Retail,Speciality Retail,8,2025-11-12,0.0,0.0,0.0,0.0,crashing,1,0,1140.03,-6.41,falling,Bear Control,Unknown,0.0,CASH - No trades (most setups failing),0.9,
Other Industrial Products,Other Industrial Products,8,2025-11-12,0.0,0.0,0.0,0.0,crashing,0,0,3854.5,1.82,rising,Bear Control,Unknown,0.0,CASH - No trades (most setups failing),0.9,
Integrated Power Utilities,Integrated Power Utilities,5,2025-11-12,0.0,0.0,0.0,0.0,crashing,0,0,503.73,-1.49,falling,Bear Control,Unknown,0.0,CASH - No trades (most setups failing),0.9,
E-Retail/ E-Commerce,E-Retail/ E-Commerce,7,2025-11-12,0.0,0.0,0.0,0.0,crashing,0,0,647.35,1.89,rising,Bear Control,Unknown,0.0,CASH - No trades (most setups failing),0.9,
Other Textile Products,Other Textile Products,13,2025-11-12,0.0,0.0,0.0,0.0,crashing,1,0,482.19,-4.83,falling,Bear Control,Unknown,0.0,CASH - No trades (most setups failing),0.9,
Garments & Apparels,Garments & Apparels,7,2025-11-12,0.0,0.0,0.0,0.0,crashing,2,1,6455.75,1.35,rising,Bear Control,Unknown,0.0,CASH - No trades (most setups failing),0.9,PGIL
Non Banking Financial Company (NBFC),Non Banking Financial Company (NBFC),22,2025-11-12,0.0,0.0,0.0,0.0,crashing,2,0,908.28,-1.33,falling,Bear Control,Unknown,0.0,CASH - No trades (most setups failing),0.9,
Diversified Retail,Diversified Retail,5,2025-11-12,0.0,0.0,0.0,0.0,crashing,0,0,1118.39,-3.4,falling,Bear Control,Unknown,0.0,CASH - No trades (most setups failing),0.9,
Hospital,Hospital,14,2025-11-12,0.0,0.0,0.0,0.0,crashing,2,1,1392.3,-4.2,falling,Bear Control,Unknown,0.0,CASH - No trades (most setups failing),0.9,INDRAMEDCO
Fertilizers,Fertilizers,10,2025-11-12,0.0,0.0,0.0,0.0,crashing,0,0,559.35,-0.79,flat,Bear Control,Unknown,0.0,CASH - No trades (most setups failing),0.9,
Hotels & Resorts,Hotels & Resorts,14,2025-11-12,0.0,0.0,0.0,0.0,crashing,0,0,372.38,-4.45,falling,Bear Control,Unknown,0.0,CASH - No trades (most setups failing),0.9,
Life Insurance,Life Insurance,6,2025-11-12,0.0,0.0,0.0,0.0,crashing,1,0,1017.28,2.79,rising,Bear Control,Unknown,0.0,CASH - No trades (most setups failing),0.9,
Plastic Products - Industrial,Plastic Products - Industrial,9,2025-11-12,0.0,0.0,0.0,0.0,crashing,1,0,1517.6,2.0,rising,Bear Control,Unknown,0.0,CASH - No trades (most setups failing),0.9,
Restaurants,Restaurants,6,2025-11-12,0.0,0.0,0.0,0.0,crashing,0,0,478.96,-4.41,falling,Bear Control,Unknown,0.0,CASH - No trades (most setups failing),0.9,
Personal Care,Personal Care,9,2025-11-12,0.0,0.0,0.0,0.0,crashing,1,0,2974.46,-2.24,falling,Bear Control,Unknown,0.0,CASH - No trades (most setups failing),0.9,
Cement & Cement Products,Cement & Cement Products,18,2025-11-12,0.0,0.0,0.0,0.0,crashing,0,0,3139.68,-1.83,falling,Bear Control,Unknown,0.0,CASH - No trades (most setups failing),0.9,
Plywood Boards/ Laminates,Plywood Boards/ Laminates,5,2025-11-12,0.0,0.0,0.0,0.0,crashing,0,0,704.34,-4.21,falling,Bear Control,Unknown,0.0,CASH - No trades (most setups failing),0.9,
Footwear,Footwear,5,2025-11-12,0.0,0.0,0.0,0.0,crashing,0,0,601.77,-1.11,falling,Bear Control,Unknown,0.0,CASH - No trades (most setups failing),0.9,
Packaging,Packaging,5,2025-11-12,0.0,0.0,0.0,0.0,crashing,0,0,1154.62,-0.67,flat,Bear Control,Unknown,0.0,CASH - No trades (most setups failing),0.9,
Paints,Paints,5,2025-11-12,0.0,0.0,0.0,0.0,crashing,2,1,1586.34,5.65,rising,Bear Control,Unknown,0.0,CASH - No trades (most setups failing),0.9,INDIGOPNTS
2/3 Wheelers,2/3 Wheelers,6,2025-11-12,0.0,0.0,0.0,0.0,crashing,0,0,5065.48,0.78,flat,Bear Control,Unknown,0.0,CASH - No trades (most setups failing),0.9,
Computers - Software & Consulting,Computers - Software & Consulting,23,2025-11-12,0.0,0.0,-50.0,-57.14,crashing,4,1,1765.69,2.37,rising,Bear Control,Unknown,0.0,CASH - No trades (most setups failing),0.9,LATENTVIEW
"Gems, Jewellery And Watches","Gems, Jewellery And Watches",14,2025-11-12,0.0,0.0,-60.0,0.0,crashing,3,2,1225.44,-0.8,flat,Bear Control,Unknown,0.0,CASH - No trades (most setups failing),0.9,THANGAMAYL
Refineries & Marketing,Refineries & Marketing,6,2025-11-12,0.0,0.0,-80.0,-80.0,crashing,2,0,625.2,2.74,rising,Bear Control,Unknown,0.0,CASH - No trades (most setups failing),0.9,
