sector,level_3,symbol_count,date,EM,EM_chng_1d,EM_chng_3d,EM_chng_5d,EM_trend,PPDs_lookback,PPD_success,sector_index,index_pct_change_5d,index_trend,regime,market_type,position_size,trading_action,confidence,follow_through_symbols
Refineries & Marketing,Petroleum Products,6,2025-11-07,60.0,0.0,60.0,-40.0,stable,5,3,613.77,4.63,rising,Deteriorating,Unknown,0.0,EXIT ALL - EM crashing from highs!,1.0,"CHENNPETRO, IOC"
"Gems, Jewellery And Watches",Consumer Durables,14,2025-11-07,40.0,40.0,40.0,40.0,rising,5,2,1238.24,8.5,rising,Strong Bullish,Unknown,120.0,AGGRESSIVE - Strong momentum,0.9,"THANGAMAYL, VAIBHAVGBL"
Computers - Software & Consulting,IT - Software,23,2025-11-07,33.33,-9.52,-9.52,33.33,crashing,6,2,1692.3,-3.16,falling,Healthy Bullish,Unknown,50.0,REDUCE - Weakening,0.7,"INTELLECT, LATENTVIEW"
Industrial Products,Industrial Manufacturing,23,2025-11-07,12.5,-4.17,12.5,12.5,crashing,8,1,3714.29,-1.03,falling,Repair Zone,Unknown,30.0,PROBE SMALL - Recovery starting,0.6,SYRMA
Pharmaceuticals,Pharmaceuticals & Biotechnology,62,2025-11-07,11.11,-1.39,-3.17,11.11,crashing,9,1,2375.76,-0.39,flat,Bear Control,Unknown,0.0,CASH - No trades (most setups failing),0.9,ORCHPHARMA
Specialty Chemicals,Chemicals & Petrochemicals,31,2025-11-07,0.0,0.0,0.0,0.0,crashing,4,1,1892.68,1.41,rising,Bear Control,Unknown,0.0,CASH - No trades (most setups failing),0.9,TATVA
Packaged Foods,Food Products,7,2025-11-07,0.0,0.0,0.0,0.0,crashing,0,0,1735.84,0.65,flat,Bear Control,Unknown,0.0,CASH - No trades (most setups failing),0.9,
"Compressors, Pumps & Diesel Engines",Industrial Products,11,2025-11-07,0.0,0.0,0.0,0.0,crashing,2,2,1694.29,-4.0,falling,Bear Control,Unknown,0.0,CASH - No trades (most setups failing),0.9,"GREAVESCOT, KIRLOSENG"
Commodity Chemicals,Chemicals & Petrochemicals,8,2025-11-07,0.0,0.0,0.0,0.0,crashing,0,0,936.34,-3.8,falling,Bear Control,Unknown,0.0,CASH - No trades (most setups failing),0.9,
Aerospace & Defense,Aerospace & Defense,14,2025-11-07,0.0,0.0,0.0,0.0,crashing,0,0,1459.23,-1.8,falling,Bear Control,Unknown,0.0,CASH - No trades (most setups failing),0.9,
Dairy Products,Food Products,5,2025-11-07,0.0,0.0,0.0,0.0,crashing,1,0,1662.43,-3.69,falling,Bear Control,Unknown,0.0,CASH - No trades (most setups failing),0.9,
Power Generation,Power,15,2025-11-07,0.0,0.0,0.0,0.0,crashing,2,0,281.39,-5.6,falling,Bear Control,Unknown,0.0,CASH - No trades (most setups failing),0.9,
Investment Company,Finance,10,2025-11-07,0.0,0.0,0.0,0.0,crashing,2,1,3027.57,0.17,flat,Bear Control,Unknown,0.0,CASH - No trades (most setups failing),0.9,ABCAPITAL
Heavy Electrical Equipment,Electrical Equipment,21,2025-11-07,0.0,0.0,0.0,0.0,crashing,4,2,2605.63,4.16,rising,Bear Control,Unknown,0.0,CASH - No trades (most setups failing),0.9,"SUZLON, TDPOWERSYS"
Other Electrical Equipment,Electrical Equipment,11,2025-11-07,0.0,0.0,0.0,0.0,crashing,2,1,1851.73,-6.63,falling,Bear Control,Unknown,0.0,CASH - No trades (most setups failing),0.9,GENUSPOWER
Civil Construction,Construction,34,2025-11-07,0.0,0.0,0.0,0.0,crashing,4,0,704.9,-0.54,flat,Bear Control,Unknown,0.0,CASH - No trades (most setups failing),0.9,
General Insurance,Insurance,6,2025-11-07,0.0,0.0,0.0,0.0,crashing,0,0,584.38,0.0,flat,Bear Control,Unknown,0.0,CASH - No trades (most setups failing),0.9,
Holding Company,Finance,6,2025-11-07,0.0,0.0,0.0,0.0,crashing,1,0,3150.66,0.61,flat,Bear Control,Unknown,0.0,CASH - No trades (most setups failing),0.9,
Financial Institution,Finance,6,2025-11-07,0.0,0.0,0.0,0.0,crashing,0,0,216.81,-4.24,falling,Bear Control,Unknown,0.0,CASH - No trades (most setups failing),0.9,
"Tour, Travel Related Services",Leisure Services,5,2025-11-07,0.0,0.0,0.0,0.0,crashing,0,0,610.86,2.16,rising,Bear Control,Unknown,0.0,CASH - No trades (most setups failing),0.9,
"Residential, Commercial Projects",Realty,27,2025-11-07,0.0,0.0,0.0,0.0,crashing,1,0,785.45,-0.73,flat,Bear Control,Unknown,0.0,CASH - No trades (most setups failing),0.9,
Electrodes & Refractories,Industrial Products,5,2025-11-07,0.0,0.0,0.0,0.0,crashing,4,2,600.16,3.28,rising,Bear Control,Unknown,0.0,CASH - No trades (most setups failing),0.9,"HEG, RPEL"
Pesticides & Agrochemicals,Fertilizers & Agrochemicals,10,2025-11-07,0.0,0.0,0.0,0.0,crashing,0,0,2570.75,-1.28,falling,Bear Control,Unknown,0.0,CASH - No trades (most setups failing),0.9,
Logistics Solution Provider,Transport Services,10,2025-11-07,0.0,0.0,0.0,0.0,crashing,1,0,917.25,-6.48,falling,Bear Control,Unknown,0.0,CASH - No trades (most setups failing),0.9,
Breweries & Distilleries,Beverages,8,2025-11-07,0.0,0.0,0.0,0.0,crashing,2,2,1313.89,3.14,rising,Bear Control,Unknown,0.0,CASH - No trades (most setups failing),0.9,"ABDL, TI"
Iron & Steel,Ferrous Metals,8,2025-11-07,0.0,0.0,0.0,0.0,crashing,2,0,495.36,-2.34,falling,Bear Control,Unknown,0.0,CASH - No trades (most setups failing),0.9,
Tyres & Rubber Products,Auto Components,6,2025-11-07,0.0,0.0,0.0,0.0,crashing,0,0,28374.95,0.36,flat,Bear Control,Unknown,0.0,CASH - No trades (most setups failing),0.9,
Industrial Minerals,Minerals & Mining,7,2025-11-07,0.0,0.0,0.0,0.0,crashing,1,0,1401.43,-2.78,falling,Bear Control,Unknown,0.0,CASH - No trades (most setups failing),0.9,
Stockbroking & Allied,Capital Markets,8,2025-11-07,0.0,0.0,0.0,0.0,crashing,1,0,1866.81,1.06,rising,Bear Control,Unknown,0.0,CASH - No trades (most setups failing),0.9,
Asset Management Company,Capital Markets,5,2025-11-07,0.0,0.0,0.0,0.0,crashing,0,0,1714.6,-0.14,flat,Bear Control,Unknown,0.0,CASH - No trades (most setups failing),0.9,
Private Sector Bank,Banks,19,2025-11-07,0.0,0.0,0.0,-50.0,crashing,4,0,489.62,-0.18,flat,Bear Control,Unknown,0.0,CASH - No trades (most setups failing),0.9,
Housing Finance Company,Finance,10,2025-11-07,0.0,0.0,0.0,0.0,crashing,0,0,700.93,-3.6,falling,Bear Control,Unknown,0.0,CASH - No trades (most setups failing),0.9,
Passenger Cars & Utility Vehicles,Automobiles,5,2025-11-07,0.0,0.0,0.0,0.0,crashing,0,0,8241.0,1.11,rising,Bear Control,Unknown,0.0,CASH - No trades (most setups failing),0.9,
Diversified Commercial Services,Commercial Services & Supplies,10,2025-11-07,0.0,0.0,0.0,0.0,crashing,2,0,482.11,-1.27,falling,Bear Control,Unknown,0.0,CASH - No trades (most setups failing),0.9,
Telecom - Cellular & Fixed line services,Telecom - Services,5,2025-11-07,0.0,0.0,0.0,0.0,crashing,0,0,1135.29,-3.96,falling,Bear Control,Unknown,0.0,CASH - No trades (most setups failing),0.9,
Public Sector Bank,Banks,12,2025-11-07,0.0,0.0,0.0,0.0,crashing,0,0,240.12,3.01,rising,Bear Control,Unknown,0.0,CASH - No trades (most setups failing),0.9,
IT Enabled Services,IT - Services,16,2025-11-07,0.0,0.0,0.0,0.0,crashing,1,0,1436.54,-5.04,falling,Bear Control,Unknown,0.0,CASH - No trades (most setups failing),0.9,
Household Appliances,Consumer Durables,15,2025-11-07,0.0,0.0,0.0,0.0,crashing,1,0,1373.56,-6.95,falling,Bear Control,Unknown,0.0,CASH - No trades (most setups failing),0.9,
LPG/CNG/PNG/LNG Supplier,Gas,5,2025-11-07,0.0,0.0,0.0,0.0,crashing,0,0,543.31,-3.53,falling,Bear Control,Unknown,0.0,CASH - No trades (most setups failing),0.9,
Speciality Retail,Retailing,8,2025-11-07,0.0,0.0,0.0,0.0,crashing,1,0,1175.61,-2.96,falling,Bear Control,Unknown,0.0,CASH - No trades (most setups failing),0.9,
Other Industrial Products,Industrial Products,8,2025-11-07,0.0,0.0,0.0,0.0,crashing,0,0,3774.38,-0.52,flat,Bear Control,Unknown,0.0,CASH - No trades (most setups failing),0.9,
Auto Components & Equipments,Auto Components,39,2025-11-07,0.0,0.0,0.0,0.0,crashing,2,0,2518.34,-0.12,flat,Bear Control,Unknown,0.0,CASH - No trades (most setups failing),0.9,
Integrated Power Utilities,Power,5,2025-11-07,0.0,0.0,0.0,0.0,crashing,0,0,500.16,-3.28,falling,Bear Control,Unknown,0.0,CASH - No trades (most setups failing),0.9,
E-Retail/ E-Commerce,Retailing,7,2025-11-07,0.0,0.0,0.0,0.0,crashing,1,0,625.32,-4.46,falling,Bear Control,Unknown,0.0,CASH - No trades (most setups failing),0.9,
Other Textile Products,Textiles & Apparels,13,2025-11-07,0.0,0.0,0.0,0.0,crashing,1,0,497.76,-2.11,falling,Bear Control,Unknown,0.0,CASH - No trades (most setups failing),0.9,
Garments & Apparels,Textiles & Apparels,7,2025-11-07,0.0,0.0,0.0,0.0,crashing,2,0,6318.59,-2.73,falling,Bear Control,Unknown,0.0,CASH - No trades (most setups failing),0.9,
Non Banking Financial Company (NBFC),Finance,22,2025-11-07,0.0,0.0,0.0,0.0,crashing,4,1,917.13,0.94,flat,Bear Control,Unknown,0.0,CASH - No trades (most setups failing),0.9,FIVESTAR
Diversified Retail,Retailing,5,2025-11-07,0.0,0.0,0.0,0.0,crashing,0,0,1117.08,-3.94,falling,Bear Control,Unknown,0.0,CASH - No trades (most setups failing),0.9,
Hospital,Healthcare Services,14,2025-11-07,0.0,0.0,0.0,0.0,crashing,2,1,1436.99,-1.85,falling,Bear Control,Unknown,0.0,CASH - No trades (most setups failing),0.9,INDRAMEDCO
2/3 Wheelers,Automobiles,6,2025-11-07,0.0,0.0,0.0,0.0,crashing,0,0,5002.99,-2.0,falling,Bear Control,Unknown,0.0,CASH - No trades (most setups failing),0.9,
Fertilizers,Fertilizers & Agrochemicals,10,2025-11-07,0.0,0.0,0.0,0.0,crashing,0,0,559.37,-1.09,falling,Bear Control,Unknown,0.0,CASH - No trades (most setups failing),0.9,
Life Insurance,Insurance,6,2025-11-07,0.0,0.0,0.0,0.0,crashing,0,0,1004.77,2.34,rising,Bear Control,Unknown,0.0,CASH - No trades (most setups failing),0.9,
Hotels & Resorts,Leisure Services,14,2025-11-07,0.0,0.0,0.0,0.0,crashing,0,0,376.04,-4.02,falling,Bear Control,Unknown,0.0,CASH - No trades (most setups failing),0.9,
Plastic Products - Industrial,Industrial Products,9,2025-11-07,0.0,0.0,0.0,0.0,crashing,1,0,1503.45,1.54,rising,Bear Control,Unknown,0.0,CASH - No trades (most setups failing),0.9,
Restaurants,Leisure Services,6,2025-11-07,0.0,0.0,0.0,0.0,crashing,0,0,487.61,-4.51,falling,Bear Control,Unknown,0.0,CASH - No trades (most setups failing),0.9,
Personal Care,Personal Products,9,2025-11-07,0.0,0.0,0.0,0.0,crashing,1,0,2979.12,-3.25,falling,Bear Control,Unknown,0.0,CASH - No trades (most setups failing),0.9,
Cement & Cement Products,Cement & Cement Products,18,2025-11-07,0.0,0.0,0.0,0.0,crashing,0,0,3167.09,-4.43,falling,Bear Control,Unknown,0.0,CASH - No trades (most setups failing),0.9,
Plywood Boards/ Laminates,Consumer Durables,5,2025-11-07,0.0,0.0,0.0,0.0,crashing,0,0,727.68,-1.44,falling,Bear Control,Unknown,0.0,CASH - No trades (most setups failing),0.9,
Footwear,Consumer Durables,5,2025-11-07,0.0,0.0,0.0,0.0,crashing,0,0,605.57,-1.24,falling,Bear Control,Unknown,0.0,CASH - No trades (most setups failing),0.9,
Packaging,Industrial Products,5,2025-11-07,0.0,0.0,0.0,0.0,crashing,0,0,1153.77,-1.97,falling,Bear Control,Unknown,0.0,CASH - No trades (most setups failing),0.9,
Paints,Consumer Durables,5,2025-11-07,0.0,0.0,0.0,0.0,crashing,0,0,1531.51,0.75,flat,Bear Control,Unknown,0.0,CASH - No trades (most setups failing),0.9,
Iron & Steel Products,Industrial Products,19,2025-11-07,0.0,-60.0,-60.0,0.0,crashing,4,2,730.46,-2.32,falling,Bear Control,Unknown,0.0,CASH - No trades (most setups failing),0.9,"SAMBHV, SURYAROSNI"
