sector,level_3,symbol_count,date,EM,EM_chng_1d,EM_chng_3d,EM_chng_5d,EM_trend,PPDs_lookback,PPD_success,sector_index,index_pct_change_5d,index_trend,regime,market_type,position_size,trading_action,confidence
Refineries & Marketing,Petroleum Products,6,2025-11-07,60.0,0.0,60.0,-40.0,stable,5,3,613.77,4.63,rising,Deteriorating,Broad Rally,0.0,EXIT ALL - EM crashing!,1.0
Computers - Software & Consulting,IT - Software,17,2025-11-07,40.0,-10.0,-10.0,40.0,crashing,5,2,1983.69,-3.15,falling,Divergence,Divergence Rally,25.0,DIVERGENCE: TRIM TO 50% - EM weakening (Reduced due to EM-Index mismatch),0.56
Specialty Chemicals,Chemicals & Petrochemicals,16,2025-11-07,0.0,0.0,0.0,0.0,crashing,1,0,2406.05,2.57,rising,Bear Control,Narrow Rally,0.0,CASH - No trades (most setups failing),0.9
Packaged Foods,Food Products,6,2025-11-07,0.0,0.0,0.0,0.0,crashing,0,0,1964.83,0.58,flat,Bear Control,Consolidation,0.0,CASH - No trades (most setups failing),0.9
Aerospace & Defense,Aerospace & Defense,8,2025-11-07,0.0,0.0,0.0,0.0,crashing,0,0,1793.58,-1.38,falling,Bear Control,Broad Decline,0.0,CASH - No trades (most setups failing),0.9
Pharmaceuticals,Pharmaceuticals & Biotechnology,43,2025-11-07,0.0,0.0,0.0,0.0,crashing,4,0,3128.26,-0.51,flat,Bear Control,Consolidation,0.0,CASH - No trades (most setups failing),0.9
Industrial Products,Industrial Manufacturing,8,2025-11-07,0.0,0.0,0.0,0.0,crashing,4,1,7899.81,-2.09,falling,Bear Control,Broad Decline,0.0,CASH - No trades (most setups failing),0.9
Power Generation,Power,14,2025-11-07,0.0,0.0,0.0,0.0,crashing,2,0,300.75,-5.6,falling,Bear Control,Broad Decline,0.0,CASH - No trades (most setups failing),0.9
Investment Company,Finance,9,2025-11-07,0.0,0.0,0.0,0.0,crashing,2,1,3027.57,0.17,flat,Bear Control,Consolidation,0.0,CASH - No trades (most setups failing),0.9
Iron & Steel Products,Industrial Products,8,2025-11-07,0.0,0.0,0.0,0.0,crashing,0,0,930.2,-0.45,flat,Bear Control,Consolidation,0.0,CASH - No trades (most setups failing),0.9
Heavy Electrical Equipment,Electrical Equipment,17,2025-11-07,0.0,0.0,0.0,0.0,crashing,4,2,2647.13,5.65,rising,Bear Control,Narrow Rally,0.0,CASH - No trades (most setups failing),0.9
General Insurance,Insurance,6,2025-11-07,0.0,0.0,0.0,0.0,crashing,0,0,584.38,0.0,flat,Bear Control,Consolidation,0.0,CASH - No trades (most setups failing),0.9
Holding Company,Finance,5,2025-11-07,0.0,0.0,0.0,0.0,crashing,1,0,3150.66,0.61,flat,Bear Control,Consolidation,0.0,CASH - No trades (most setups failing),0.9
Financial Institution,Finance,6,2025-11-07,0.0,0.0,0.0,0.0,crashing,0,0,216.81,-4.24,falling,Bear Control,Broad Decline,0.0,CASH - No trades (most setups failing),0.9
Civil Construction,Construction,15,2025-11-07,0.0,0.0,0.0,0.0,crashing,1,0,888.87,-2.9,falling,Bear Control,Broad Decline,0.0,CASH - No trades (most setups failing),0.9
"Compressors, Pumps & Diesel Engines",Industrial Products,8,2025-11-07,0.0,0.0,0.0,0.0,crashing,1,1,1683.89,-3.9,falling,Bear Control,Broad Decline,0.0,CASH - No trades (most setups failing),0.9
Breweries & Distilleries,Beverages,5,2025-11-07,0.0,0.0,0.0,0.0,crashing,2,2,1533.72,2.52,rising,Bear Control,Narrow Rally,0.0,CASH - No trades (most setups failing),0.9
Other Electrical Equipment,Electrical Equipment,7,2025-11-07,0.0,0.0,0.0,0.0,crashing,1,1,2211.67,-8.4,falling,Bear Control,Broad Decline,0.0,CASH - No trades (most setups failing),0.9
Iron & Steel,Ferrous Metals,8,2025-11-07,0.0,0.0,0.0,0.0,crashing,2,0,495.36,-2.34,falling,Bear Control,Broad Decline,0.0,CASH - No trades (most setups failing),0.9
Stockbroking & Allied,Capital Markets,5,2025-11-07,0.0,0.0,0.0,0.0,crashing,1,0,2463.27,0.78,flat,Bear Control,Consolidation,0.0,CASH - No trades (most setups failing),0.9
Private Sector Bank,Banks,15,2025-11-07,0.0,0.0,0.0,-66.67,crashing,3,0,533.76,-1.04,falling,Deteriorating,Broad Decline,0.0,EXIT ALL - EM crashing!,1.0
Housing Finance Company,Finance,10,2025-11-07,0.0,0.0,0.0,0.0,crashing,0,0,700.93,-3.6,falling,Bear Control,Broad Decline,0.0,CASH - No trades (most setups failing),0.9
Passenger Cars & Utility Vehicles,Automobiles,6,2025-11-07,0.0,0.0,0.0,0.0,crashing,0,0,8241.0,1.11,rising,Bear Control,Narrow Rally,0.0,CASH - No trades (most setups failing),0.9
Telecom - Cellular & Fixed line services,Telecom - Services,5,2025-11-07,0.0,0.0,0.0,0.0,crashing,0,0,1135.29,-3.96,falling,Bear Control,Broad Decline,0.0,CASH - No trades (most setups failing),0.9
Public Sector Bank,Banks,12,2025-11-07,0.0,0.0,0.0,0.0,crashing,0,0,240.12,3.01,rising,Bear Control,Narrow Rally,0.0,CASH - No trades (most setups failing),0.9
IT Enabled Services,IT - Services,8,2025-11-07,0.0,0.0,0.0,0.0,crashing,0,0,1663.63,-6.17,falling,Bear Control,Broad Decline,0.0,CASH - No trades (most setups failing),0.9
Household Appliances,Consumer Durables,9,2025-11-07,0.0,0.0,0.0,0.0,crashing,1,0,1676.9,-8.24,falling,Bear Control,Broad Decline,0.0,CASH - No trades (most setups failing),0.9
LPG/CNG/PNG/LNG Supplier,Gas,5,2025-11-07,0.0,0.0,0.0,0.0,crashing,0,0,543.31,-3.53,falling,Bear Control,Broad Decline,0.0,CASH - No trades (most setups failing),0.9
Auto Components & Equipments,Auto Components,27,2025-11-07,0.0,0.0,0.0,0.0,crashing,1,0,3088.19,-0.49,flat,Bear Control,Consolidation,0.0,CASH - No trades (most setups failing),0.9
Integrated Power Utilities,Power,5,2025-11-07,0.0,0.0,0.0,0.0,crashing,0,0,500.16,-3.28,falling,Bear Control,Broad Decline,0.0,CASH - No trades (most setups failing),0.9
E-Retail/ E-Commerce,Retailing,6,2025-11-07,0.0,0.0,0.0,0.0,crashing,1,0,721.33,-4.44,falling,Bear Control,Broad Decline,0.0,CASH - No trades (most setups failing),0.9
Tyres & Rubber Products,Auto Components,5,2025-11-07,0.0,0.0,0.0,0.0,crashing,0,0,33217.3,0.35,flat,Bear Control,Consolidation,0.0,CASH - No trades (most setups failing),0.9
Other Textile Products,Textiles & Apparels,5,2025-11-07,0.0,0.0,0.0,0.0,crashing,0,0,336.77,-1.22,falling,Bear Control,Broad Decline,0.0,CASH - No trades (most setups failing),0.9
Non Banking Financial Company (NBFC),Finance,17,2025-11-07,0.0,0.0,0.0,0.0,crashing,3,1,1127.39,0.97,flat,Bear Control,Consolidation,0.0,CASH - No trades (most setups failing),0.9
Hospital,Healthcare Services,11,2025-11-07,0.0,0.0,0.0,0.0,crashing,1,0,1679.02,-2.11,falling,Bear Control,Broad Decline,0.0,CASH - No trades (most setups failing),0.9
2/3 Wheelers,Automobiles,6,2025-11-07,0.0,0.0,0.0,0.0,crashing,0,0,5002.99,-2.0,falling,Bear Control,Broad Decline,0.0,CASH - No trades (most setups failing),0.9
Life Insurance,Insurance,6,2025-11-07,0.0,0.0,0.0,0.0,crashing,0,0,1004.77,2.34,rising,Bear Control,Narrow Rally,0.0,CASH - No trades (most setups failing),0.9
"Residential, Commercial Projects",Realty,14,2025-11-07,0.0,0.0,0.0,0.0,crashing,0,0,1058.7,-0.23,flat,Bear Control,Consolidation,0.0,CASH - No trades (most setups failing),0.9
Restaurants,Leisure Services,5,2025-11-07,0.0,0.0,0.0,0.0,crashing,0,0,571.94,-4.42,falling,Bear Control,Broad Decline,0.0,CASH - No trades (most setups failing),0.9
Fertilizers,Fertilizers & Agrochemicals,5,2025-11-07,0.0,0.0,0.0,0.0,crashing,0,0,766.4,-1.35,falling,Bear Control,Broad Decline,0.0,CASH - No trades (most setups failing),0.9
Personal Care,Personal Products,7,2025-11-07,0.0,0.0,0.0,0.0,crashing,0,0,3750.03,-3.52,falling,Bear Control,Broad Decline,0.0,CASH - No trades (most setups failing),0.9
Cement & Cement Products,Cement & Cement Products,15,2025-11-07,0.0,0.0,0.0,0.0,crashing,0,0,3759.51,-4.43,falling,Bear Control,Broad Decline,0.0,CASH - No trades (most setups failing),0.9
Plastic Products - Industrial,Industrial Products,5,2025-11-07,0.0,0.0,0.0,0.0,crashing,1,0,1651.86,3.69,rising,Bear Control,Narrow Rally,0.0,CASH - No trades (most setups failing),0.9
Hotels & Resorts,Leisure Services,8,2025-11-07,0.0,0.0,0.0,0.0,crashing,0,0,459.13,-3.85,falling,Bear Control,Broad Decline,0.0,CASH - No trades (most setups failing),0.9
