sector,level_4,symbol_count,date,EM,EM_chng_1d,EM_chng_3d,EM_chng_5d,EM_trend,PPDs_lookback,PPD_success,sector_index,index_pct_change_5d,index_trend,regime,market_type,position_size,trading_action,confidence,follow_through_symbols
Industrial Products,Industrial Products,23,2025-11-11,14.29,0.0,-19.05,14.29,crashing,7,1,3723.48,-0.67,flat,Repair Zone,Unknown,0.0,OBSERVE - Still weak,0.7,CPPLUS
Pharmaceuticals,Pharmaceuticals,62,2025-11-11,11.11,1.11,-1.39,-3.17,crashing,9,1,2389.36,-1.04,falling,Bear Control,Unknown,0.0,CASH - No trades (most setups failing),0.9,ORCHPHARMA
Specialty Chemicals,Specialty Chemicals,31,2025-11-11,0.0,0.0,0.0,0.0,crashing,2,1,1878.52,-1.71,falling,Bear Control,Unknown,0.0,CASH - No trades (most setups failing),0.9,PRIVISCL
Packaged Foods,Packaged Foods,7,2025-11-11,0.0,0.0,0.0,0.0,crashing,0,0,1683.52,-1.41,falling,Bear Control,Unknown,0.0,CASH - No trades (most setups failing),0.9,
"Compressors, Pumps & Diesel Engines","Compressors, Pumps & Diesel Engines",11,2025-11-11,0.0,0.0,0.0,0.0,crashing,0,0,1688.48,-3.28,falling,Bear Control,Unknown,0.0,CASH - No trades (most setups failing),0.9,
Commodity Chemicals,Commodity Chemicals,8,2025-11-11,0.0,0.0,0.0,0.0,crashing,0,0,930.31,-3.48,falling,Bear Control,Unknown,0.0,CASH - No trades (most setups failing),0.9,
Aerospace & Defense,Aerospace & Defense,14,2025-11-11,0.0,0.0,0.0,0.0,crashing,0,0,1509.07,0.68,flat,Bear Control,Unknown,0.0,CASH - No trades (most setups failing),0.9,
Dairy Products,Dairy Products,5,2025-11-11,0.0,0.0,0.0,0.0,crashing,0,0,1660.28,-1.89,falling,Bear Control,Unknown,0.0,CASH - No trades (most setups failing),0.9,
Power Generation,Power Generation,15,2025-11-11,0.0,0.0,0.0,0.0,crashing,1,0,276.69,-5.5,falling,Bear Control,Unknown,0.0,CASH - No trades (most setups failing),0.9,
Investment Company,Investment Company,10,2025-11-11,0.0,0.0,0.0,0.0,crashing,1,0,3006.69,-1.48,falling,Bear Control,Unknown,0.0,CASH - No trades (most setups failing),0.9,
Heavy Electrical Equipment,Heavy Electrical Equipment,21,2025-11-11,0.0,0.0,0.0,0.0,crashing,3,1,2658.6,5.91,rising,Bear Control,Unknown,0.0,CASH - No trades (most setups failing),0.9,POWERINDIA
Other Electrical Equipment,Other Electrical Equipment,11,2025-11-11,0.0,0.0,0.0,0.0,crashing,1,0,1849.91,-3.58,falling,Bear Control,Unknown,0.0,CASH - No trades (most setups failing),0.9,
Civil Construction,Civil Construction,34,2025-11-11,0.0,0.0,0.0,0.0,crashing,4,0,702.64,-1.58,falling,Bear Control,Unknown,0.0,CASH - No trades (most setups failing),0.9,
General Insurance,General Insurance,6,2025-11-11,0.0,0.0,0.0,0.0,crashing,0,0,583.88,0.28,flat,Bear Control,Unknown,0.0,CASH - No trades (most setups failing),0.9,
Holding Company,Holding Company,6,2025-11-11,0.0,0.0,0.0,0.0,crashing,1,0,3114.32,1.63,rising,Bear Control,Unknown,0.0,CASH - No trades (most setups failing),0.9,
Financial Institution,Financial Institution,6,2025-11-11,0.0,0.0,0.0,0.0,crashing,0,0,214.61,-4.87,falling,Bear Control,Unknown,0.0,CASH - No trades (most setups failing),0.9,
"Tour, Travel Related Services","Tour, Travel Related Services",5,2025-11-11,0.0,0.0,0.0,0.0,crashing,0,0,607.92,2.69,rising,Bear Control,Unknown,0.0,CASH - No trades (most setups failing),0.9,
"Residential, Commercial Projects","Residential, Commercial Projects",27,2025-11-11,0.0,0.0,0.0,0.0,crashing,0,0,777.69,-3.42,falling,Bear Control,Unknown,0.0,CASH - No trades (most setups failing),0.9,
"Gems, Jewellery And Watches","Gems, Jewellery And Watches",14,2025-11-11,0.0,0.0,0.0,0.0,crashing,3,2,1215.72,1.86,rising,Bear Control,Unknown,0.0,CASH - No trades (most setups failing),0.9,THANGAMAYL
Electrodes & Refractories,Electrodes & Refractories,5,2025-11-11,0.0,0.0,0.0,0.0,crashing,2,1,599.95,-2.05,falling,Bear Control,Unknown,0.0,CASH - No trades (most setups failing),0.9,RPEL
Pesticides & Agrochemicals,Pesticides & Agrochemicals,10,2025-11-11,0.0,0.0,0.0,0.0,crashing,0,0,2534.91,-1.44,falling,Bear Control,Unknown,0.0,CASH - No trades (most setups failing),0.9,
Logistics Solution Provider,Logistics Solution Provider,10,2025-11-11,0.0,0.0,0.0,0.0,crashing,0,0,908.47,-4.06,falling,Bear Control,Unknown,0.0,CASH - No trades (most setups failing),0.9,
Breweries & Distilleries,Breweries & Distilleries,8,2025-11-11,0.0,0.0,0.0,0.0,crashing,0,0,1297.83,-1.37,falling,Bear Control,Unknown,0.0,CASH - No trades (most setups failing),0.9,
Iron & Steel,Iron & Steel,8,2025-11-11,0.0,0.0,0.0,0.0,crashing,1,0,497.73,-1.18,falling,Bear Control,Unknown,0.0,CASH - No trades (most setups failing),0.9,
Tyres & Rubber Products,Tyres & Rubber Products,6,2025-11-11,0.0,0.0,0.0,0.0,crashing,0,0,28357.82,0.24,flat,Bear Control,Unknown,0.0,CASH - No trades (most setups failing),0.9,
Industrial Minerals,Industrial Minerals,7,2025-11-11,0.0,0.0,0.0,0.0,crashing,1,0,1404.25,-4.3,falling,Bear Control,Unknown,0.0,CASH - No trades (most setups failing),0.9,
Stockbroking & Allied,Stockbroking & Allied,8,2025-11-11,0.0,0.0,0.0,0.0,crashing,1,0,1880.35,2.52,rising,Bear Control,Unknown,0.0,CASH - No trades (most setups failing),0.9,
Asset Management Company,Asset Management Company,5,2025-11-11,0.0,0.0,0.0,0.0,crashing,0,0,1724.58,0.39,flat,Bear Control,Unknown,0.0,CASH - No trades (most setups failing),0.9,
Private Sector Bank,Private Sector Bank,19,2025-11-11,0.0,0.0,0.0,0.0,crashing,2,0,489.58,0.12,flat,Bear Control,Unknown,0.0,CASH - No trades (most setups failing),0.9,
Housing Finance Company,Housing Finance Company,10,2025-11-11,0.0,0.0,0.0,0.0,crashing,1,0,710.94,-2.34,falling,Bear Control,Unknown,0.0,CASH - No trades (most setups failing),0.9,
Passenger Cars & Utility Vehicles,Passenger Cars & Utility Vehicles,5,2025-11-11,0.0,0.0,0.0,0.0,crashing,0,0,8214.52,-1.23,falling,Bear Control,Unknown,0.0,CASH - No trades (most setups failing),0.9,
Diversified Commercial Services,Diversified Commercial Services,10,2025-11-11,0.0,0.0,0.0,0.0,crashing,3,0,475.95,-3.0,falling,Bear Control,Unknown,0.0,CASH - No trades (most setups failing),0.9,
Telecom - Cellular & Fixed line services,Telecom - Cellular & Fixed line services,5,2025-11-11,0.0,0.0,0.0,0.0,crashing,0,0,1145.36,-3.06,falling,Bear Control,Unknown,0.0,CASH - No trades (most setups failing),0.9,
Public Sector Bank,Public Sector Bank,12,2025-11-11,0.0,0.0,0.0,0.0,crashing,0,0,238.65,-0.67,flat,Bear Control,Unknown,0.0,CASH - No trades (most setups failing),0.9,
IT Enabled Services,IT Enabled Services,16,2025-11-11,0.0,0.0,0.0,0.0,crashing,0,0,1441.21,-2.6,falling,Bear Control,Unknown,0.0,CASH - No trades (most setups failing),0.9,
Household Appliances,Household Appliances,15,2025-11-11,0.0,0.0,0.0,0.0,crashing,0,0,1360.89,-6.07,falling,Bear Control,Unknown,0.0,CASH - No trades (most setups failing),0.9,
LPG/CNG/PNG/LNG Supplier,LPG/CNG/PNG/LNG Supplier,5,2025-11-11,0.0,0.0,0.0,0.0,crashing,0,0,542.68,-3.59,falling,Bear Control,Unknown,0.0,CASH - No trades (most setups failing),0.9,
Speciality Retail,Speciality Retail,8,2025-11-11,0.0,0.0,0.0,0.0,crashing,1,0,1125.22,-8.74,falling,Bear Control,Unknown,0.0,CASH - No trades (most setups failing),0.9,
Other Industrial Products,Other Industrial Products,8,2025-11-11,0.0,0.0,0.0,0.0,crashing,0,0,3854.68,1.27,rising,Bear Control,Unknown,0.0,CASH - No trades (most setups failing),0.9,
Auto Components & Equipments,Auto Components & Equipments,39,2025-11-11,0.0,0.0,0.0,0.0,crashing,5,0,2550.89,0.41,flat,Bear Control,Unknown,0.0,CASH - No trades (most setups failing),0.9,
Integrated Power Utilities,Integrated Power Utilities,5,2025-11-11,0.0,0.0,0.0,0.0,crashing,0,0,507.45,-2.88,falling,Bear Control,Unknown,0.0,CASH - No trades (most setups failing),0.9,
E-Retail/ E-Commerce,E-Retail/ E-Commerce,7,2025-11-11,0.0,0.0,0.0,0.0,crashing,0,0,644.91,-0.69,flat,Bear Control,Unknown,0.0,CASH - No trades (most setups failing),0.9,
Other Textile Products,Other Textile Products,13,2025-11-11,0.0,0.0,0.0,0.0,crashing,1,0,481.02,-5.44,falling,Bear Control,Unknown,0.0,CASH - No trades (most setups failing),0.9,
Garments & Apparels,Garments & Apparels,7,2025-11-11,0.0,0.0,0.0,0.0,crashing,2,1,6363.0,-1.6,falling,Bear Control,Unknown,0.0,CASH - No trades (most setups failing),0.9,PGIL
Non Banking Financial Company (NBFC),Non Banking Financial Company (NBFC),22,2025-11-11,0.0,0.0,0.0,0.0,crashing,2,0,920.2,0.61,flat,Bear Control,Unknown,0.0,CASH - No trades (most setups failing),0.9,
Diversified Retail,Diversified Retail,5,2025-11-11,0.0,0.0,0.0,0.0,crashing,0,0,1107.16,-4.3,falling,Bear Control,Unknown,0.0,CASH - No trades (most setups failing),0.9,
Hospital,Hospital,14,2025-11-11,0.0,0.0,0.0,0.0,crashing,1,1,1403.76,-3.28,falling,Bear Control,Unknown,0.0,CASH - No trades (most setups failing),0.9,INDRAMEDCO
Fertilizers,Fertilizers,10,2025-11-11,0.0,0.0,0.0,0.0,crashing,0,0,557.71,-0.79,flat,Bear Control,Unknown,0.0,CASH - No trades (most setups failing),0.9,
Hotels & Resorts,Hotels & Resorts,14,2025-11-11,0.0,0.0,0.0,0.0,crashing,0,0,372.78,-4.8,falling,Bear Control,Unknown,0.0,CASH - No trades (most setups failing),0.9,
Life Insurance,Life Insurance,6,2025-11-11,0.0,0.0,0.0,0.0,crashing,0,0,997.5,1.4,rising,Bear Control,Unknown,0.0,CASH - No trades (most setups failing),0.9,
Plastic Products - Industrial,Plastic Products - Industrial,9,2025-11-11,0.0,0.0,0.0,0.0,crashing,1,0,1512.41,1.37,rising,Bear Control,Unknown,0.0,CASH - No trades (most setups failing),0.9,
Restaurants,Restaurants,6,2025-11-11,0.0,0.0,0.0,0.0,crashing,0,0,481.79,-4.24,falling,Bear Control,Unknown,0.0,CASH - No trades (most setups failing),0.9,
Personal Care,Personal Care,9,2025-11-11,0.0,0.0,0.0,0.0,crashing,1,0,2977.97,-2.49,falling,Bear Control,Unknown,0.0,CASH - No trades (most setups failing),0.9,
Cement & Cement Products,Cement & Cement Products,18,2025-11-11,0.0,0.0,0.0,0.0,crashing,0,0,3147.9,-2.86,falling,Bear Control,Unknown,0.0,CASH - No trades (most setups failing),0.9,
Plywood Boards/ Laminates,Plywood Boards/ Laminates,5,2025-11-11,0.0,0.0,0.0,0.0,crashing,0,0,724.09,-2.54,falling,Bear Control,Unknown,0.0,CASH - No trades (most setups failing),0.9,
Footwear,Footwear,5,2025-11-11,0.0,0.0,0.0,0.0,crashing,0,0,599.65,-2.68,falling,Bear Control,Unknown,0.0,CASH - No trades (most setups failing),0.9,
Packaging,Packaging,5,2025-11-11,0.0,0.0,0.0,0.0,crashing,0,0,1142.88,-2.13,falling,Bear Control,Unknown,0.0,CASH - No trades (most setups failing),0.9,
Paints,Paints,5,2025-11-11,0.0,0.0,0.0,0.0,crashing,1,0,1569.21,3.71,rising,Bear Control,Unknown,0.0,CASH - No trades (most setups failing),0.9,
2/3 Wheelers,2/3 Wheelers,6,2025-11-11,0.0,0.0,0.0,0.0,crashing,0,0,5023.05,-2.23,falling,Bear Control,Unknown,0.0,CASH - No trades (most setups failing),0.9,
Computers - Software & Consulting,Computers - Software & Consulting,23,2025-11-11,0.0,0.0,-42.86,-42.86,crashing,2,0,1720.3,-1.36,falling,Bear Control,Unknown,0.0,CASH - No trades (most setups failing),0.9,
Iron & Steel Products,Iron & Steel Products,19,2025-11-11,0.0,0.0,-60.0,-60.0,crashing,3,0,731.47,-3.37,falling,Bear Control,Unknown,0.0,CASH - No trades (most setups failing),0.9,
Refineries & Marketing,Refineries & Marketing,6,2025-11-11,0.0,0.0,-80.0,0.0,crashing,1,0,613.32,1.71,rising,Bear Control,Unknown,0.0,CASH - No trades (most setups failing),0.9,
