symbol,date,timeframe,close_price,trix,signal,histogram,trix_slope,distance_from_zero,crossover_detected,crossunder_detected,near_zero_line,signal_strength,histogram_momentum,price_change_5d_pct,volume_ratio,avg_volume_20d,current_volume,opportunity_score,trix_length,signal_type,signal_length,note
JSFB,2025-10-03 00:00:00,day,485.5,-0.0821,-0.0922,0.0101,0.0176,-0.0821,True,False,True,Strong,Accelerating,4.25,1.57,155029,243692,100,14,SMA,9,[PRIME] PRIME OPPORTUNITY (DAY): Bullish crossover near zero - potential trend reversal | [UP] Positive histogram (0.0101) - bullish momentum | [ACCEL] Momentum accelerating - strong trend potential | [VOL] High volume (1.6x avg) - strong conviction | [ZERO] Very close to zero - high probability reversal zone
NRBBEARING,2025-10-03 00:00:00,day,293.75,0.0183,0.018,0.0004,0.0036,0.0183,True,False,True,Moderate,Mixed,0.5,0.82,205679,168999,80,14,SMA,9,[PRIME] PRIME OPPORTUNITY (DAY): Bullish crossover near zero - potential trend reversal | [UP] Positive histogram (0.0004) - bullish momentum | [ZERO] Very close to zero - high probability reversal zone
IIFL,2025-10-03 00:00:00,day,457.2,-0.032,-0.0467,0.0147,0.0134,-0.032,False,False,True,No Signal,Mixed,4.81,2.09,1024662,2139174,70,14,SMA,9,[WARN] TRIX near zero on DAY - monitor for crossover signal | [UP] Positive histogram (0.0147) - bullish momentum | [VOL] High volume (2.1x avg) - strong conviction | [ZERO] Very close to zero - high probability reversal zone
SAMMAANCAP,2025-10-03 00:00:00,day,165.03,0.6243,0.4884,0.1359,0.0769,0.6243,False,False,True,No Signal,Accelerating,20.98,2.99,34345133,102796489,70,14,SMA,9,[WARN] TRIX near zero on DAY - monitor for crossover signal | [UP] Positive histogram (0.1359) - bullish momentum | [ACCEL] Momentum accelerating - strong trend potential | [STRONG] Strong upward TRIX slope | [VOL] High volume (3.0x avg) - strong conviction | [ZERO] Very close to zero - high probability reversal zone
CSBBANK,2025-10-03 00:00:00,day,385.75,-0.3192,-0.4551,0.136,0.0536,-0.3192,False,False,True,No Signal,Accelerating,7.54,2.81,478983,1345889,70,14,SMA,9,[WARN] TRIX near zero on DAY - monitor for crossover signal | [UP] Positive histogram (0.1360) - bullish momentum | [ACCEL] Momentum accelerating - strong trend potential | [STRONG] Strong upward TRIX slope | [VOL] High volume (2.8x avg) - strong conviction | [ZERO] Very close to zero - high probability reversal zone
BORORENEW,2025-10-03 00:00:00,day,625.25,0.0363,-0.0081,0.0444,0.0203,0.0363,False,False,True,No Signal,Mixed,8.61,2.08,926239,1926473,70,14,SMA,9,[WARN] TRIX near zero on DAY - monitor for crossover signal | [UP] Positive histogram (0.0444) - bullish momentum | [STRONG] Strong upward TRIX slope | [VOL] High volume (2.1x avg) - strong conviction | [ZERO] Very close to zero - high probability reversal zone
SCHAEFFLER,2025-10-03 00:00:00,day,4286.2,0.1892,0.1274,0.0619,0.0189,0.1892,False,False,True,No Signal,Decelerating,4.54,2.32,62854,145678,70,14,SMA,9,[WARN] TRIX near zero on DAY - monitor for crossover signal | [UP] Positive histogram (0.0619) - bullish momentum | [DECEL] Momentum decelerating - watch for reversal | [VOL] High volume (2.3x avg) - strong conviction | [ZERO] Very close to zero - high probability reversal zone
BANKINDIA,2025-10-03 00:00:00,day,125.53,0.2551,0.2194,0.0357,0.0157,0.2551,False,False,True,No Signal,Mixed,4.82,1.14,8131342,9233400,60,14,SMA,9,[WARN] TRIX near zero on DAY - monitor for crossover signal | [UP] Positive histogram (0.0357) - bullish momentum | [ZERO] Very close to zero - high probability reversal zone
HINDCOPPER,2025-10-03 00:00:00,day,338.4,1.1074,0.8351,0.2723,0.0558,1.1074,False,False,True,No Signal,Decelerating,3.1,0.86,17961445,15490540,60,14,SMA,9,[WARN] TRIX near zero on DAY - monitor for crossover signal | [UP] Positive histogram (0.2723) - bullish momentum | [DECEL] Momentum decelerating - watch for reversal | [STRONG] Strong upward TRIX slope
POONAWALLA,2025-10-03 00:00:00,day,524.4,0.4254,0.2655,0.1598,0.0397,0.4254,False,False,True,No Signal,Decelerating,6.27,1.02,5440784,5528559,60,14,SMA,9,[WARN] TRIX near zero on DAY - monitor for crossover signal | [UP] Positive histogram (0.1598) - bullish momentum | [DECEL] Momentum decelerating - watch for reversal | [STRONG] Strong upward TRIX slope | [ZERO] Very close to zero - high probability reversal zone
AUBANK,2025-10-03 00:00:00,day,741.9,0.0106,-0.0726,0.0833,0.0173,0.0106,False,False,True,No Signal,Mixed,0.04,0.65,2684887,1744199,60,14,SMA,9,[WARN] TRIX near zero on DAY - monitor for crossover signal | [UP] Positive histogram (0.0833) - bullish momentum | [LOW_VOL] Low volume (0.6x avg) - weak participation | [ZERO] Very close to zero - high probability reversal zone
SOUTHBANK,2025-10-03 00:00:00,day,29.78,0.0143,0.0073,0.007,0.0019,0.0143,False,False,True,No Signal,Decelerating,0.47,1.42,6345558,8987390,60,14,SMA,9,[WARN] TRIX near zero on DAY - monitor for crossover signal | [UP] Positive histogram (0.0070) - bullish momentum | [DECEL] Momentum decelerating - watch for reversal | [ZERO] Very close to zero - high probability reversal zone
PNB,2025-10-03 00:00:00,day,114.37,0.255,0.2296,0.0254,0.0061,0.255,False,False,True,No Signal,Decelerating,2.67,1.46,16399102,23883726,60,14,SMA,9,[WARN] TRIX near zero on DAY - monitor for crossover signal | [UP] Positive histogram (0.0254) - bullish momentum | [DECEL] Momentum decelerating - watch for reversal | [ZERO] Very close to zero - high probability reversal zone
AXISBANK,2025-10-03 00:00:00,day,1181.0,0.3026,0.2437,0.0588,0.0091,0.3026,False,False,True,No Signal,Decelerating,1.23,1.48,7498146,11095015,60,14,SMA,9,[WARN] TRIX near zero on DAY - monitor for crossover signal | [UP] Positive histogram (0.0588) - bullish momentum | [DECEL] Momentum decelerating - watch for reversal | [ZERO] Very close to zero - high probability reversal zone
BANKBARODA,2025-10-03 00:00:00,day,263.95,0.2378,0.1339,0.1039,0.0276,0.2378,False,False,True,No Signal,Decelerating,4.4,1.13,10797274,12224432,60,14,SMA,9,[WARN] TRIX near zero on DAY - monitor for crossover signal | [UP] Positive histogram (0.1039) - bullish momentum | [DECEL] Momentum decelerating - watch for reversal | [STRONG] Strong upward TRIX slope | [ZERO] Very close to zero - high probability reversal zone
TATACONSUM,2025-10-03 00:00:00,day,1137.5,0.2057,0.1956,0.0101,0.0004,0.2057,False,False,True,No Signal,Decelerating,0.29,1.34,1170953,1567152,60,14,SMA,9,[WARN] TRIX near zero on DAY - monitor for crossover signal | [UP] Positive histogram (0.0101) - bullish momentum | [DECEL] Momentum decelerating - watch for reversal | [ZERO] Very close to zero - high probability reversal zone
VSSL,2025-10-03 00:00:00,day,293.8,0.3066,0.2497,0.057,0.0294,0.3066,False,False,True,No Signal,Mixed,9.46,0.9,151450,136295,60,14,SMA,9,[WARN] TRIX near zero on DAY - monitor for crossover signal | [UP] Positive histogram (0.0570) - bullish momentum | [STRONG] Strong upward TRIX slope | [ZERO] Very close to zero - high probability reversal zone
KOTAKBANK,2025-10-03 00:00:00,day,2100.5,0.0895,0.0655,0.024,0.0118,0.0895,False,False,True,No Signal,Mixed,4.32,1.17,4045447,4735930,60,14,SMA,9,[WARN] TRIX near zero on DAY - monitor for crossover signal | [UP] Positive histogram (0.0240) - bullish momentum | [ZERO] Very close to zero - high probability reversal zone
CREDITACC,2025-10-03 00:00:00,day,1410.9,0.1624,0.1549,0.0075,0.0057,0.1624,False,False,True,No Signal,Mixed,-0.4,0.94,254287,238288,50,14,SMA,9,[WARN] TRIX near zero on DAY - monitor for crossover signal | [UP] Positive histogram (0.0075) - bullish momentum | [ZERO] Very close to zero - high probability reversal zone
SCI,2025-10-03 00:00:00,day,228.61,0.3377,0.2995,0.0383,0.0004,0.3377,False,False,True,No Signal,Decelerating,-1.84,0.69,4595485,3180549,50,14,SMA,9,[WARN] TRIX near zero on DAY - monitor for crossover signal | [UP] Positive histogram (0.0383) - bullish momentum | [DECEL] Momentum decelerating - watch for reversal | [LOW_VOL] Low volume (0.7x avg) - weak participation | [ZERO] Very close to zero - high probability reversal zone
AHLUCONT,2025-10-03 00:00:00,day,1002.4,0.1843,0.1313,0.053,0.0059,0.1843,False,False,True,No Signal,Decelerating,0.79,0.93,56291,52326,50,14,SMA,9,[WARN] TRIX near zero on DAY - monitor for crossover signal | [UP] Positive histogram (0.0530) - bullish momentum | [DECEL] Momentum decelerating - watch for reversal | [ZERO] Very close to zero - high probability reversal zone
SBIN,2025-10-03 00:00:00,day,867.3,0.2428,0.1906,0.0522,0.006,0.2428,False,False,True,No Signal,Decelerating,0.71,0.83,9704602,8019442,50,14,SMA,9,[WARN] TRIX near zero on DAY - monitor for crossover signal | [UP] Positive histogram (0.0522) - bullish momentum | [DECEL] Momentum decelerating - watch for reversal | [ZERO] Very close to zero - high probability reversal zone
RBLBANK,2025-10-03 00:00:00,day,275.9,0.1708,0.1647,0.0061,0.0025,0.1708,False,False,True,No Signal,Accelerating,0.16,0.91,11208917,10145743,50,14,SMA,9,[WARN] TRIX near zero on DAY - monitor for crossover signal | [UP] Positive histogram (0.0061) - bullish momentum | [ACCEL] Momentum accelerating - strong trend potential | [ZERO] Very close to zero - high probability reversal zone
ANURAS,2025-10-03 00:00:00,day,1088.4,-0.1262,-0.1293,0.0031,-0.0013,-0.1262,False,False,True,No Signal,Mixed,-1.48,1.86,388106,723328,50,14,SMA,9,[WARN] TRIX near zero on DAY - monitor for crossover signal | [UP] Positive histogram (0.0031) - bullish momentum | [VOL] High volume (1.9x avg) - strong conviction | [ZERO] Very close to zero - high probability reversal zone
JKPAPER,2025-10-03 00:00:00,day,426.25,0.1528,0.2573,-0.1045,0.0039,0.1528,False,False,True,No Signal,Mixed,11.86,10.3,543818,5598732,45,14,SMA,9,[WARN] TRIX near zero on DAY - monitor for crossover signal | [DOWN] Negative histogram (-0.1045) - bearish pressure | [VOL] High volume (10.3x avg) - strong conviction | [ZERO] Very close to zero - high probability reversal zone
AZAD,2025-10-03 00:00:00,day,1728.4,0.0856,0.1087,-0.0231,0.0079,0.0856,False,False,True,No Signal,Mixed,6.48,4.65,342076,1590362,45,14,SMA,9,[WARN] TRIX near zero on DAY - monitor for crossover signal | [DOWN] Negative histogram (-0.0231) - bearish pressure | [VOL] High volume (4.6x avg) - strong conviction | [ZERO] Very close to zero - high probability reversal zone
ZFCVINDIA,2025-10-03 00:00:00,day,13569.0,-0.2789,-0.2037,-0.0752,0.0013,-0.2789,False,False,True,No Signal,Mixed,5.95,4.2,15262,64123,45,14,SMA,9,[WARN] TRIX near zero on DAY - monitor for crossover signal | [DOWN] Negative histogram (-0.0752) - bearish pressure | [VOL] High volume (4.2x avg) - strong conviction | [ZERO] Very close to zero - high probability reversal zone
KALAMANDIR,2025-10-03 00:00:00,day,184.02,-0.3917,-0.3003,-0.0914,0.0213,-0.3917,False,False,True,No Signal,Mixed,19.08,15.52,2442400,37905554,45,14,SMA,9,[WARN] TRIX near zero on DAY - monitor for crossover signal | [DOWN] Negative histogram (-0.0914) - bearish pressure | [STRONG] Strong upward TRIX slope | [VOL] High volume (15.5x avg) - strong conviction | [ZERO] Very close to zero - high probability reversal zone
APLAPOLLO,2025-10-03 00:00:00,day,1738.2,0.1571,0.1878,-0.0307,0.0011,0.1571,False,False,True,No Signal,Mixed,2.96,1.21,559078,678344,45,14,SMA,9,[WARN] TRIX near zero on DAY - monitor for crossover signal | [DOWN] Negative histogram (-0.0307) - bearish pressure | [ZERO] Very close to zero - high probability reversal zone
KIOCL,2025-10-03 00:00:00,day,528.8,0.3926,0.5183,-0.1257,0.0114,0.3926,False,False,True,No Signal,Mixed,15.62,5.42,1816118,9841658,45,14,SMA,9,[WARN] TRIX near zero on DAY - monitor for crossover signal | [DOWN] Negative histogram (-0.1257) - bearish pressure | [VOL] High volume (5.4x avg) - strong conviction | [ZERO] Very close to zero - high probability reversal zone
GLAND,2025-10-03 00:00:00,day,1951.4,0.1217,0.1216,0.0,-0.008,0.1217,False,False,True,No Signal,Decelerating,-1.08,0.56,249998,139407,40,14,SMA,9,[WARN] TRIX near zero on DAY - monitor for crossover signal | [UP] Positive histogram (0.0000) - bullish momentum | [DECEL] Momentum decelerating - watch for reversal | [LOW_VOL] Low volume (0.6x avg) - weak participation | [ZERO] Very close to zero - high probability reversal zone
GRAPHITE,2025-10-03 00:00:00,day,555.15,0.2243,0.1855,0.0389,-0.0054,0.2243,False,False,True,No Signal,Decelerating,-2.76,0.97,561788,545443,40,14,SMA,9,[WARN] TRIX near zero on DAY - monitor for crossover signal | [UP] Positive histogram (0.0389) - bullish momentum | [DECEL] Momentum decelerating - watch for reversal | [ZERO] Very close to zero - high probability reversal zone
TITAN,2025-10-03 00:00:00,day,3453.3,-0.1637,-0.0632,-0.1004,-0.0132,-0.1637,False,False,True,No Signal,Mixed,2.21,1.35,1224100,1655328,35,14,SMA,9,[WARN] TRIX near zero on DAY - monitor for crossover signal | [DOWN] Negative histogram (-0.1004) - bearish pressure | [ZERO] Very close to zero - high probability reversal zone
JKLAKSHMI,2025-10-03 00:00:00,day,862.9,-0.2526,-0.1618,-0.0908,-0.014,-0.2526,False,False,True,No Signal,Mixed,0.23,1.48,117608,173643,35,14,SMA,9,[WARN] TRIX near zero on DAY - monitor for crossover signal | [DOWN] Negative histogram (-0.0908) - bearish pressure | [ZERO] Very close to zero - high probability reversal zone
UJJIVANSFB,2025-10-03 00:00:00,day,48.34,0.2016,0.2179,-0.0163,0.0143,0.2016,False,False,True,No Signal,Mixed,7.49,0.92,10749586,9871158,35,14,SMA,9,[WARN] TRIX near zero on DAY - monitor for crossover signal | [DOWN] Negative histogram (-0.0163) - bearish pressure | [ZERO] Very close to zero - high probability reversal zone
SKFINDIA,2025-10-03 00:00:00,day,4880.9,0.0911,0.1307,-0.0396,-0.0035,0.0911,False,False,True,No Signal,Mixed,2.29,2.47,46481,114602,35,14,SMA,9,[WARN] TRIX near zero on DAY - monitor for crossover signal | [DOWN] Negative histogram (-0.0396) - bearish pressure | [VOL] High volume (2.5x avg) - strong conviction | [ZERO] Very close to zero - high probability reversal zone
DELHIVERY,2025-10-03 00:00:00,day,437.3,-0.1181,0.0017,-0.1198,-0.0344,-0.1181,False,False,True,No Signal,Decelerating,-3.97,3.51,2343671,8230495,35,14,SMA,9,[WARN] TRIX near zero on DAY - monitor for crossover signal | [DOWN] Negative histogram (-0.1198) - bearish pressure | [DECEL] Momentum decelerating - watch for reversal | [DOWN] Negative TRIX slope | [VOL] High volume (3.5x avg) - strong conviction | [ZERO] Very close to zero - high probability reversal zone
MIDHANI,2025-10-03 00:00:00,day,400.9,0.0241,0.0735,-0.0494,-0.012,0.0241,False,False,True,No Signal,Decelerating,1.73,1.42,549495,777946,35,14,SMA,9,[WARN] TRIX near zero on DAY - monitor for crossover signal | [DOWN] Negative histogram (-0.0494) - bearish pressure | [DECEL] Momentum decelerating - watch for reversal | [ZERO] Very close to zero - high probability reversal zone
MRF,2025-10-03 00:00:00,day,153195.0,0.1071,0.1254,-0.0182,-0.0053,0.1071,False,False,True,No Signal,Decelerating,1.83,1.5,7952,11930,35,14,SMA,9,[WARN] TRIX near zero on DAY - monitor for crossover signal | [DOWN] Negative histogram (-0.0182) - bearish pressure | [DECEL] Momentum decelerating - watch for reversal | [VOL] High volume (1.5x avg) - strong conviction | [ZERO] Very close to zero - high probability reversal zone
PFIZER,2025-10-03 00:00:00,day,5222.5,-0.1458,-0.109,-0.0368,0.0068,-0.1458,False,False,True,No Signal,Mixed,4.93,0.91,34187,31079,35,14,SMA,9,[WARN] TRIX near zero on DAY - monitor for crossover signal | [DOWN] Negative histogram (-0.0368) - bearish pressure | [ZERO] Very close to zero - high probability reversal zone
DALBHARAT,2025-10-03 00:00:00,day,2253.7,-0.0794,0.0864,-0.1658,-0.0382,-0.0794,False,False,True,No Signal,Decelerating,-0.38,1.39,453518,631378,35,14,SMA,9,[WARN] TRIX near zero on DAY - monitor for crossover signal | [DOWN] Negative histogram (-0.1658) - bearish pressure | [DECEL] Momentum decelerating - watch for reversal | [DOWN] Negative TRIX slope | [ZERO] Very close to zero - high probability reversal zone
DATAPATTNS,2025-10-03 00:00:00,day,2835.3,0.2385,0.2999,-0.0614,-0.0159,0.2385,False,False,True,No Signal,Decelerating,3.0,4.75,414764,1968332,35,14,SMA,9,[WARN] TRIX near zero on DAY - monitor for crossover signal | [DOWN] Negative histogram (-0.0614) - bearish pressure | [DECEL] Momentum decelerating - watch for reversal | [VOL] High volume (4.7x avg) - strong conviction | [ZERO] Very close to zero - high probability reversal zone
RPEL,2025-10-03 00:00:00,day,695.2,0.3107,0.4037,-0.093,-0.0221,0.3107,False,False,True,No Signal,Decelerating,2.96,3.65,28865,105309,35,14,SMA,9,[WARN] TRIX near zero on DAY - monitor for crossover signal | [DOWN] Negative histogram (-0.0930) - bearish pressure | [DECEL] Momentum decelerating - watch for reversal | [DOWN] Negative TRIX slope | [VOL] High volume (3.6x avg) - strong conviction | [ZERO] Very close to zero - high probability reversal zone
HINDWAREAP,2025-10-03 00:00:00,day,344.6,0.272,0.3802,-0.1082,-0.0114,0.272,False,False,True,No Signal,Mixed,5.61,1.33,190112,252651,35,14,SMA,9,[WARN] TRIX near zero on DAY - monitor for crossover signal | [DOWN] Negative histogram (-0.1082) - bearish pressure | [ZERO] Very close to zero - high probability reversal zone
KEI,2025-10-03 00:00:00,day,4037.2,0.1763,0.241,-0.0647,-0.0223,0.1763,False,False,True,No Signal,Decelerating,-2.9,1.3,247887,321537,35,14,SMA,9,[WARN] TRIX near zero on DAY - monitor for crossover signal | [DOWN] Negative histogram (-0.0647) - bearish pressure | [DECEL] Momentum decelerating - watch for reversal | [DOWN] Negative TRIX slope | [ZERO] Very close to zero - high probability reversal zone
IGL,2025-10-03 00:00:00,day,209.03,-0.0013,0.0826,-0.0839,-0.0141,-0.0013,False,False,True,No Signal,Mixed,1.99,1.36,1708676,2317920,35,14,SMA,9,[WARN] TRIX near zero on DAY - monitor for crossover signal | [DOWN] Negative histogram (-0.0839) - bearish pressure | [ZERO] Very close to zero - high probability reversal zone
RAMCOCEM,2025-10-03 00:00:00,day,989.75,-0.2506,-0.2099,-0.0408,-0.0158,-0.2506,False,False,True,No Signal,Decelerating,-3.72,1.69,282481,476896,35,14,SMA,9,[WARN] TRIX near zero on DAY - monitor for crossover signal | [DOWN] Negative histogram (-0.0408) - bearish pressure | [DECEL] Momentum decelerating - watch for reversal | [VOL] High volume (1.7x avg) - strong conviction | [ZERO] Very close to zero - high probability reversal zone
CHENNPETRO,2025-10-03 00:00:00,day,780.4,0.508,0.5361,-0.0281,-0.008,0.508,False,False,True,No Signal,Decelerating,3.43,1.4,967856,1356770,35,14,SMA,9,[WARN] TRIX near zero on DAY - monitor for crossover signal | [DOWN] Negative histogram (-0.0281) - bearish pressure | [DECEL] Momentum decelerating - watch for reversal | [ZERO] Very close to zero - high probability reversal zone
SAIL,2025-10-03 00:00:00,day,134.96,0.3171,0.3384,-0.0212,-0.011,0.3171,False,False,True,No Signal,Decelerating,-1.14,1.45,11098402,16097900,35,14,SMA,9,[WARN] TRIX near zero on DAY - monitor for crossover signal | [DOWN] Negative histogram (-0.0212) - bearish pressure | [DECEL] Momentum decelerating - watch for reversal | [ZERO] Very close to zero - high probability reversal zone
MAITHANALL,2025-10-03 00:00:00,day,1173.6,0.2021,0.262,-0.0599,-0.012,0.2021,False,False,True,No Signal,Decelerating,2.96,1.52,38337,58397,35,14,SMA,9,[WARN] TRIX near zero on DAY - monitor for crossover signal | [DOWN] Negative histogram (-0.0599) - bearish pressure | [DECEL] Momentum decelerating - watch for reversal | [VOL] High volume (1.5x avg) - strong conviction | [ZERO] Very close to zero - high probability reversal zone
TATASTEEL,2025-10-03 00:00:00,day,173.21,0.2337,0.2794,-0.0457,-0.0136,0.2337,False,False,True,No Signal,Decelerating,0.48,2.6,21185352,55172705,35,14,SMA,9,[WARN] TRIX near zero on DAY - monitor for crossover signal | [DOWN] Negative histogram (-0.0457) - bearish pressure | [DECEL] Momentum decelerating - watch for reversal | [VOL] High volume (2.6x avg) - strong conviction | [ZERO] Very close to zero - high probability reversal zone
DMART,2025-10-03 00:00:00,day,4418.4,0.0157,0.1409,-0.1252,-0.0355,0.0157,False,False,True,No Signal,Decelerating,-3.45,1.23,389931,477671,35,14,SMA,9,[WARN] TRIX near zero on DAY - monitor for crossover signal | [DOWN] Negative histogram (-0.1252) - bearish pressure | [DECEL] Momentum decelerating - watch for reversal | [DOWN] Negative TRIX slope | [ZERO] Very close to zero - high probability reversal zone
HEROMOTOCO,2025-10-03 00:00:00,day,5550.5,0.3022,0.3807,-0.0786,-0.0094,0.3022,False,False,True,No Signal,Mixed,3.66,1.52,1076993,1634394,35,14,SMA,9,[WARN] TRIX near zero on DAY - monitor for crossover signal | [DOWN] Negative histogram (-0.0786) - bearish pressure | [VOL] High volume (1.5x avg) - strong conviction | [ZERO] Very close to zero - high probability reversal zone
METROPOLIS,2025-10-03 00:00:00,day,1996.3,-0.1644,-0.0959,-0.0685,-0.0146,-0.1644,False,False,True,No Signal,Accelerating,-1.49,0.63,54618,34198,25,14,SMA,9,[WARN] TRIX near zero on DAY - monitor for crossover signal | [DOWN] Negative histogram (-0.0685) - bearish pressure | [ACCEL] Momentum accelerating - strong trend potential | [LOW_VOL] Low volume (0.6x avg) - weak participation | [ZERO] Very close to zero - high probability reversal zone
GSFC,2025-10-03 00:00:00,day,199.43,-0.0322,0.0698,-0.102,-0.0246,-0.0322,False,False,True,No Signal,Decelerating,-0.45,0.72,934600,676505,25,14,SMA,9,[WARN] TRIX near zero on DAY - monitor for crossover signal | [DOWN] Negative histogram (-0.1020) - bearish pressure | [DECEL] Momentum decelerating - watch for reversal | [DOWN] Negative TRIX slope | [ZERO] Very close to zero - high probability reversal zone
KAJARIACER,2025-10-03 00:00:00,day,1206.2,-0.15,-0.0935,-0.0565,-0.0065,-0.15,False,False,True,No Signal,Mixed,1.04,0.94,131195,122790,25,14,SMA,9,[WARN] TRIX near zero on DAY - monitor for crossover signal | [DOWN] Negative histogram (-0.0565) - bearish pressure | [ZERO] Very close to zero - high probability reversal zone
NUVOCO,2025-10-03 00:00:00,day,424.35,-0.1518,-0.0725,-0.0794,-0.0228,-0.1518,False,False,True,No Signal,Decelerating,-4.05,0.92,280835,258244,25,14,SMA,9,[WARN] TRIX near zero on DAY - monitor for crossover signal | [DOWN] Negative histogram (-0.0794) - bearish pressure | [DECEL] Momentum decelerating - watch for reversal | [DOWN] Negative TRIX slope | [ZERO] Very close to zero - high probability reversal zone
HINDUNILVR,2025-10-03 00:00:00,day,2544.9,-0.1004,-0.0359,-0.0645,-0.0093,-0.1004,False,False,True,No Signal,Mixed,0.26,0.91,1370306,1242611,25,14,SMA,9,[WARN] TRIX near zero on DAY - monitor for crossover signal | [DOWN] Negative histogram (-0.0645) - bearish pressure | [ZERO] Very close to zero - high probability reversal zone
CARYSIL,2025-10-03 00:00:00,day,879.75,-0.0031,0.2254,-0.2285,-0.0408,-0.0031,False,False,True,No Signal,Mixed,3.48,0.68,221150,149990,25,14,SMA,9,[WARN] TRIX near zero on DAY - monitor for crossover signal | [DOWN] Negative histogram (-0.2285) - bearish pressure | [DOWN] Negative TRIX slope | [LOW_VOL] Low volume (0.7x avg) - weak participation | [ZERO] Very close to zero - high probability reversal zone
MASFIN,2025-10-03 00:00:00,day,303.8,-0.0131,0.0679,-0.081,-0.0215,-0.0131,False,False,True,No Signal,Decelerating,-1.62,0.6,94327,56492,25,14,SMA,9,[WARN] TRIX near zero on DAY - monitor for crossover signal | [DOWN] Negative histogram (-0.0810) - bearish pressure | [DECEL] Momentum decelerating - watch for reversal | [DOWN] Negative TRIX slope | [LOW_VOL] Low volume (0.6x avg) - weak participation | [ZERO] Very close to zero - high probability reversal zone
CGCL,2025-10-03 00:00:00,day,189.34,0.0358,0.0412,-0.0054,-0.0034,0.0358,False,True,True,No Signal,Decelerating,0.42,1.15,1848520,2131326,25,14,SMA,9,[BEAR] Bearish crossunder on DAY - consider exit/short | [WARN] TRIX near zero on DAY - monitor for crossover signal | [DOWN] Negative histogram (-0.0054) - bearish pressure | [DECEL] Momentum decelerating - watch for reversal | [ZERO] Very close to zero - high probability reversal zone
HONDAPOWER,2025-10-03 00:00:00,day,2755.6,-0.0475,0.0408,-0.0883,-0.024,-0.0475,False,False,True,No Signal,Decelerating,-2.67,0.62,5132,3201,25,14,SMA,9,[WARN] TRIX near zero on DAY - monitor for crossover signal | [DOWN] Negative histogram (-0.0883) - bearish pressure | [DECEL] Momentum decelerating - watch for reversal | [DOWN] Negative TRIX slope | [LOW_VOL] Low volume (0.6x avg) - weak participation | [ZERO] Very close to zero - high probability reversal zone
LANDMARK,2025-10-03 00:00:00,day,626.9,0.3225,0.5403,-0.2178,-0.0419,0.3225,False,False,True,No Signal,Mixed,3.98,0.54,93414,50230,25,14,SMA,9,[WARN] TRIX near zero on DAY - monitor for crossover signal | [DOWN] Negative histogram (-0.2178) - bearish pressure | [DOWN] Negative TRIX slope | [LOW_VOL] Low volume (0.5x avg) - weak participation | [ZERO] Very close to zero - high probability reversal zone
M&MFIN,2025-10-03 00:00:00,day,275.75,0.2788,0.3249,-0.0461,-0.0229,0.2788,False,False,True,No Signal,Decelerating,-1.38,1.02,1997531,2037357,25,14,SMA,9,[WARN] TRIX near zero on DAY - monitor for crossover signal | [DOWN] Negative histogram (-0.0461) - bearish pressure | [DECEL] Momentum decelerating - watch for reversal | [DOWN] Negative TRIX slope | [ZERO] Very close to zero - high probability reversal zone
CENTURYPLY,2025-10-03 00:00:00,day,807.95,0.2425,0.2947,-0.0523,-0.0149,0.2425,False,False,True,No Signal,Decelerating,-0.17,0.85,101172,86371,25,14,SMA,9,[WARN] TRIX near zero on DAY - monitor for crossover signal | [DOWN] Negative histogram (-0.0523) - bearish pressure | [DECEL] Momentum decelerating - watch for reversal | [ZERO] Very close to zero - high probability reversal zone
ESCORTS,2025-10-03 00:00:00,day,3569.5,0.0645,0.1816,-0.1171,-0.0278,0.0645,False,False,True,No Signal,Decelerating,-0.92,0.68,195496,132338,25,14,SMA,9,[WARN] TRIX near zero on DAY - monitor for crossover signal | [DOWN] Negative histogram (-0.1171) - bearish pressure | [DECEL] Momentum decelerating - watch for reversal | [DOWN] Negative TRIX slope | [LOW_VOL] Low volume (0.7x avg) - weak participation | [ZERO] Very close to zero - high probability reversal zone
NAVNETEDUL,2025-10-03 00:00:00,day,162.29,0.1755,0.2407,-0.0652,-0.0136,0.1755,False,False,True,No Signal,Decelerating,2.52,1.07,464645,497990,25,14,SMA,9,[WARN] TRIX near zero on DAY - monitor for crossover signal | [DOWN] Negative histogram (-0.0652) - bearish pressure | [DECEL] Momentum decelerating - watch for reversal | [ZERO] Very close to zero - high probability reversal zone
SIRCA,2025-10-03 00:00:00,day,490.8,0.2623,0.2752,-0.0128,-0.0125,0.2623,False,True,True,No Signal,Decelerating,-1.69,1.04,553327,574838,25,14,SMA,9,[BEAR] Bearish crossunder on DAY - consider exit/short | [WARN] TRIX near zero on DAY - monitor for crossover signal | [DOWN] Negative histogram (-0.0128) - bearish pressure | [DECEL] Momentum decelerating - watch for reversal | [ZERO] Very close to zero - high probability reversal zone
IDFCFIRSTB,2025-10-03 00:00:00,day,69.04,-0.0025,0.0798,-0.0823,-0.0202,-0.0025,False,False,True,No Signal,Decelerating,-1.27,0.73,15568358,11411405,25,14,SMA,9,[WARN] TRIX near zero on DAY - monitor for crossover signal | [DOWN] Negative histogram (-0.0823) - bearish pressure | [DECEL] Momentum decelerating - watch for reversal | [DOWN] Negative TRIX slope | [ZERO] Very close to zero - high probability reversal zone
SAKSOFT,2025-10-03 00:00:00,day,199.39,-0.0638,0.0501,-0.1139,-0.035,-0.0638,False,False,True,No Signal,Decelerating,-2.64,0.65,314914,204803,25,14,SMA,9,[WARN] TRIX near zero on DAY - monitor for crossover signal | [DOWN] Negative histogram (-0.1139) - bearish pressure | [DECEL] Momentum decelerating - watch for reversal | [DOWN] Negative TRIX slope | [LOW_VOL] Low volume (0.7x avg) - weak participation | [ZERO] Very close to zero - high probability reversal zone
BOMDYEING,2025-10-03 00:00:00,day,177.5,0.0368,0.2211,-0.1843,-0.0375,0.0368,False,False,True,No Signal,Decelerating,2.72,0.89,1553965,1386241,25,14,SMA,9,[WARN] TRIX near zero on DAY - monitor for crossover signal | [DOWN] Negative histogram (-0.1843) - bearish pressure | [DECEL] Momentum decelerating - watch for reversal | [DOWN] Negative TRIX slope | [ZERO] Very close to zero - high probability reversal zone
DEVYANI,2025-10-03 00:00:00,day,167.35,0.0745,0.2591,-0.1846,-0.0455,0.0745,False,False,True,No Signal,Decelerating,-3.39,0.6,2393619,1440105,25,14,SMA,9,[WARN] TRIX near zero on DAY - monitor for crossover signal | [DOWN] Negative histogram (-0.1846) - bearish pressure | [DECEL] Momentum decelerating - watch for reversal | [DOWN] Negative TRIX slope | [LOW_VOL] Low volume (0.6x avg) - weak participation | [ZERO] Very close to zero - high probability reversal zone
ARVINDFASN,2025-10-03 00:00:00,day,539.15,0.0854,0.209,-0.1235,-0.0288,0.0854,False,False,True,No Signal,Decelerating,0.95,0.63,283997,178809,25,14,SMA,9,[WARN] TRIX near zero on DAY - monitor for crossover signal | [DOWN] Negative histogram (-0.1235) - bearish pressure | [DECEL] Momentum decelerating - watch for reversal | [DOWN] Negative TRIX slope | [LOW_VOL] Low volume (0.6x avg) - weak participation | [ZERO] Very close to zero - high probability reversal zone
MOLDTKPAC,2025-10-03 00:00:00,day,750.1,-0.1631,0.0147,-0.1778,-0.0424,-0.1631,False,False,True,No Signal,Decelerating,-1.57,0.67,64743,43296,25,14,SMA,9,[WARN] TRIX near zero on DAY - monitor for crossover signal | [DOWN] Negative histogram (-0.1778) - bearish pressure | [DECEL] Momentum decelerating - watch for reversal | [DOWN] Negative TRIX slope | [LOW_VOL] Low volume (0.7x avg) - weak participation | [ZERO] Very close to zero - high probability reversal zone
PGHL,2025-10-03 00:00:00,day,6271.5,-0.0059,0.0167,-0.0227,-0.0049,-0.0059,False,False,True,No Signal,Accelerating,-1.52,0.58,8145,4753,25,14,SMA,9,[WARN] TRIX near zero on DAY - monitor for crossover signal | [DOWN] Negative histogram (-0.0227) - bearish pressure | [ACCEL] Momentum accelerating - strong trend potential | [LOW_VOL] Low volume (0.6x avg) - weak participation | [ZERO] Very close to zero - high probability reversal zone
ACI,2025-10-03 00:00:00,day,676.8,0.1789,0.2613,-0.0824,-0.0274,0.1789,False,False,True,No Signal,Decelerating,-4.3,1.17,183678,214675,25,14,SMA,9,[WARN] TRIX near zero on DAY - monitor for crossover signal | [DOWN] Negative histogram (-0.0824) - bearish pressure | [DECEL] Momentum decelerating - watch for reversal | [DOWN] Negative TRIX slope | [ZERO] Very close to zero - high probability reversal zone
KRBL,2025-10-03 00:00:00,day,348.5,-0.6915,-0.3693,-0.3222,-0.0644,-0.6915,False,False,True,No Signal,Mixed,-3.86,0.62,1466597,915145,25,14,SMA,9,[WARN] TRIX near zero on DAY - monitor for crossover signal | [DOWN] Negative histogram (-0.3222) - bearish pressure | [DOWN] Negative TRIX slope | [LOW_VOL] Low volume (0.6x avg) - weak participation | [ZERO] Very close to zero - high probability reversal zone
BRITANNIA,2025-10-03 00:00:00,day,5992.5,0.1985,0.3278,-0.1293,-0.0272,0.1985,False,False,True,No Signal,Mixed,0.66,0.85,317032,268735,25,14,SMA,9,[WARN] TRIX near zero on DAY - monitor for crossover signal | [DOWN] Negative histogram (-0.1293) - bearish pressure | [DOWN] Negative TRIX slope | [ZERO] Very close to zero - high probability reversal zone
EVEREADY,2025-10-03 00:00:00,day,379.95,-0.2966,-0.0613,-0.2353,-0.0573,-0.2966,False,False,True,No Signal,Decelerating,-4.22,0.72,195427,140519,25,14,SMA,9,[WARN] TRIX near zero on DAY - monitor for crossover signal | [DOWN] Negative histogram (-0.2353) - bearish pressure | [DECEL] Momentum decelerating - watch for reversal | [DOWN] Negative TRIX slope | [ZERO] Very close to zero - high probability reversal zone
SBICARD,2025-10-03 00:00:00,day,892.05,0.3341,0.3511,-0.017,-0.0078,0.3341,False,False,True,No Signal,Decelerating,0.57,1.07,1074170,1154618,25,14,SMA,9,[WARN] TRIX near zero on DAY - monitor for crossover signal | [DOWN] Negative histogram (-0.0170) - bearish pressure | [DECEL] Momentum decelerating - watch for reversal | [ZERO] Very close to zero - high probability reversal zone
SUPREMEIND,2025-10-03 00:00:00,day,4209.7,-0.1215,-0.0015,-0.12,-0.0279,-0.1215,False,False,True,No Signal,Mixed,-1.44,1.0,172527,171752,25,14,SMA,9,[WARN] TRIX near zero on DAY - monitor for crossover signal | [DOWN] Negative histogram (-0.1200) - bearish pressure | [DOWN] Negative TRIX slope | [ZERO] Very close to zero - high probability reversal zone
RELIGARE,2025-10-03 00:00:00,day,251.95,0.0622,0.0717,-0.0095,-0.0081,0.0622,False,False,True,No Signal,Decelerating,-2.8,1.11,1584535,1754454,25,14,SMA,9,[WARN] TRIX near zero on DAY - monitor for crossover signal | [DOWN] Negative histogram (-0.0095) - bearish pressure | [DECEL] Momentum decelerating - watch for reversal | [ZERO] Very close to zero - high probability reversal zone
