sector,level_4,symbol_count,date,EM,EM_chng_1d,EM_chng_3d,EM_chng_5d,EM_trend,PPDs_lookback,PPD_success,sector_index,index_pct_change_5d,index_trend,regime,market_type,position_size,trading_action,confidence,follow_through_symbols
Specialty Chemicals,Specialty Chemicals,31,2025-11-26,28.57,0.0,-21.43,28.57,crashing,7,2,1820.97,-2.79,falling,Deteriorating,Unknown,0.0,EXIT - EM crashing,0.9,"ANURAS, JUBLINGREA"
Auto Components & Equipments,Auto Components & Equipments,39,2025-11-26,28.57,0.0,-21.43,-26.98,crashing,7,2,2543.12,-0.44,flat,Deteriorating,Unknown,0.0,EXIT - EM crashing,0.9,"LUMAXTECH, PRICOLLTD"
Pharmaceuticals,Pharmaceuticals,62,2025-11-26,20.0,-2.22,-7.27,-16.36,crashing,10,2,2368.59,-0.1,flat,Deteriorating,Unknown,0.0,EXIT - EM crashing,0.9,"GUFICBIO, ORCHPHARMA"
Packaged Foods,Packaged Foods,7,2025-11-26,0.0,0.0,0.0,0.0,crashing,2,0,1682.86,-1.41,falling,Bear Control,Unknown,0.0,CASH - No trades (most setups failing),0.9,
"Compressors, Pumps & Diesel Engines","Compressors, Pumps & Diesel Engines",11,2025-11-26,0.0,0.0,0.0,0.0,crashing,0,0,1688.94,-0.83,flat,Bear Control,Unknown,0.0,CASH - No trades (most setups failing),0.9,
Commodity Chemicals,Commodity Chemicals,8,2025-11-26,0.0,0.0,0.0,0.0,crashing,0,0,888.47,-2.43,falling,Bear Control,Unknown,0.0,CASH - No trades (most setups failing),0.9,
Aerospace & Defense,Aerospace & Defense,14,2025-11-26,0.0,0.0,0.0,0.0,crashing,0,0,1489.4,-3.37,falling,Bear Control,Unknown,0.0,CASH - No trades (most setups failing),0.9,
Iron & Steel Products,Iron & Steel Products,19,2025-11-26,0.0,0.0,0.0,0.0,crashing,1,1,724.2,-0.39,flat,Bear Control,Unknown,0.0,CASH - No trades (most setups failing),0.9,MANINDS
Industrial Products,Industrial Products,23,2025-11-26,0.0,0.0,0.0,-60.0,crashing,1,0,3656.87,-1.17,falling,Bear Control,Unknown,0.0,CASH - No trades (most setups failing),0.9,
Dairy Products,Dairy Products,5,2025-11-26,0.0,0.0,0.0,0.0,crashing,0,0,1698.53,1.25,rising,Bear Control,Unknown,0.0,CASH - No trades (most setups failing),0.9,
Power Generation,Power Generation,15,2025-11-26,0.0,0.0,0.0,0.0,crashing,2,0,263.76,-3.4,falling,Bear Control,Unknown,0.0,CASH - No trades (most setups failing),0.9,
Investment Company,Investment Company,10,2025-11-26,0.0,0.0,0.0,0.0,crashing,2,1,3336.59,9.57,rising,Bear Control,Unknown,0.0,CASH - No trades (most setups failing),0.9,JSWHL
Heavy Electrical Equipment,Heavy Electrical Equipment,21,2025-11-26,0.0,0.0,0.0,0.0,crashing,1,0,2669.45,-0.54,flat,Bear Control,Unknown,0.0,CASH - No trades (most setups failing),0.9,
Other Electrical Equipment,Other Electrical Equipment,11,2025-11-26,0.0,0.0,0.0,0.0,crashing,0,0,1782.19,-1.35,falling,Bear Control,Unknown,0.0,CASH - No trades (most setups failing),0.9,
Civil Construction,Civil Construction,34,2025-11-26,0.0,0.0,0.0,0.0,crashing,2,0,689.34,-1.58,falling,Bear Control,Unknown,0.0,CASH - No trades (most setups failing),0.9,
General Insurance,General Insurance,6,2025-11-26,0.0,0.0,0.0,0.0,crashing,0,0,580.45,-1.81,falling,Bear Control,Unknown,0.0,CASH - No trades (most setups failing),0.9,
Holding Company,Holding Company,6,2025-11-26,0.0,0.0,0.0,0.0,crashing,0,0,2938.12,-1.05,falling,Bear Control,Unknown,0.0,CASH - No trades (most setups failing),0.9,
Financial Institution,Financial Institution,6,2025-11-26,0.0,0.0,0.0,0.0,crashing,1,0,211.95,-1.55,falling,Bear Control,Unknown,0.0,CASH - No trades (most setups failing),0.9,
"Tour, Travel Related Services","Tour, Travel Related Services",5,2025-11-26,0.0,0.0,0.0,0.0,crashing,0,0,624.39,1.9,rising,Bear Control,Unknown,0.0,CASH - No trades (most setups failing),0.9,
"Residential, Commercial Projects","Residential, Commercial Projects",27,2025-11-26,0.0,0.0,0.0,0.0,crashing,2,0,753.55,-1.06,falling,Bear Control,Unknown,0.0,CASH - No trades (most setups failing),0.9,
"Gems, Jewellery And Watches","Gems, Jewellery And Watches",14,2025-11-26,0.0,0.0,0.0,0.0,crashing,1,0,1252.96,1.22,rising,Bear Control,Unknown,0.0,CASH - No trades (most setups failing),0.9,
Electrodes & Refractories,Electrodes & Refractories,5,2025-11-26,0.0,0.0,0.0,0.0,crashing,2,0,615.17,-0.96,flat,Bear Control,Unknown,0.0,CASH - No trades (most setups failing),0.9,
Refineries & Marketing,Refineries & Marketing,6,2025-11-26,0.0,0.0,0.0,0.0,crashing,1,0,609.58,-2.87,falling,Bear Control,Unknown,0.0,CASH - No trades (most setups failing),0.9,
Pesticides & Agrochemicals,Pesticides & Agrochemicals,10,2025-11-26,0.0,0.0,0.0,0.0,crashing,1,0,2471.02,0.41,flat,Bear Control,Unknown,0.0,CASH - No trades (most setups failing),0.9,
Logistics Solution Provider,Logistics Solution Provider,10,2025-11-26,0.0,0.0,0.0,0.0,crashing,1,0,857.32,-3.02,falling,Bear Control,Unknown,0.0,CASH - No trades (most setups failing),0.9,
Breweries & Distilleries,Breweries & Distilleries,8,2025-11-26,0.0,0.0,0.0,0.0,crashing,1,0,1292.9,-1.12,falling,Bear Control,Unknown,0.0,CASH - No trades (most setups failing),0.9,
Iron & Steel,Iron & Steel,8,2025-11-26,0.0,0.0,0.0,0.0,crashing,0,0,481.79,-2.28,falling,Bear Control,Unknown,0.0,CASH - No trades (most setups failing),0.9,
Tyres & Rubber Products,Tyres & Rubber Products,6,2025-11-26,0.0,0.0,0.0,0.0,crashing,0,0,27663.82,0.54,flat,Bear Control,Unknown,0.0,CASH - No trades (most setups failing),0.9,
Industrial Minerals,Industrial Minerals,7,2025-11-26,0.0,0.0,0.0,0.0,crashing,2,0,1375.69,-0.79,flat,Bear Control,Unknown,0.0,CASH - No trades (most setups failing),0.9,
Stockbroking & Allied,Stockbroking & Allied,8,2025-11-26,0.0,0.0,0.0,0.0,crashing,0,0,1902.19,-0.86,flat,Bear Control,Unknown,0.0,CASH - No trades (most setups failing),0.9,
Asset Management Company,Asset Management Company,5,2025-11-26,0.0,0.0,0.0,0.0,crashing,0,0,1140.86,-0.83,flat,Bear Control,Unknown,0.0,CASH - No trades (most setups failing),0.9,
Private Sector Bank,Private Sector Bank,19,2025-11-26,0.0,0.0,0.0,0.0,crashing,3,1,502.12,0.72,flat,Bear Control,Unknown,0.0,CASH - No trades (most setups failing),0.9,KTKBANK
Housing Finance Company,Housing Finance Company,10,2025-11-26,0.0,0.0,0.0,0.0,crashing,0,0,702.55,-1.45,falling,Bear Control,Unknown,0.0,CASH - No trades (most setups failing),0.9,
Passenger Cars & Utility Vehicles,Passenger Cars & Utility Vehicles,5,2025-11-26,0.0,0.0,0.0,0.0,crashing,0,0,8079.12,-1.27,falling,Bear Control,Unknown,0.0,CASH - No trades (most setups failing),0.9,
Diversified Commercial Services,Diversified Commercial Services,10,2025-11-26,0.0,0.0,0.0,0.0,crashing,1,0,453.85,-1.75,falling,Bear Control,Unknown,0.0,CASH - No trades (most setups failing),0.9,
Telecom - Cellular & Fixed line services,Telecom - Cellular & Fixed line services,5,2025-11-26,0.0,0.0,0.0,0.0,crashing,0,0,1162.0,-1.96,falling,Bear Control,Unknown,0.0,CASH - No trades (most setups failing),0.9,
Public Sector Bank,Public Sector Bank,12,2025-11-26,0.0,0.0,0.0,0.0,crashing,0,0,245.77,0.18,flat,Bear Control,Unknown,0.0,CASH - No trades (most setups failing),0.9,
IT Enabled Services,IT Enabled Services,16,2025-11-26,0.0,0.0,0.0,0.0,crashing,2,0,1381.27,-2.22,falling,Bear Control,Unknown,0.0,CASH - No trades (most setups failing),0.9,
Household Appliances,Household Appliances,15,2025-11-26,0.0,0.0,0.0,0.0,crashing,1,0,1349.92,-2.06,falling,Bear Control,Unknown,0.0,CASH - No trades (most setups failing),0.9,
LPG/CNG/PNG/LNG Supplier,LPG/CNG/PNG/LNG Supplier,5,2025-11-26,0.0,0.0,0.0,0.0,crashing,0,0,538.24,-0.91,flat,Bear Control,Unknown,0.0,CASH - No trades (most setups failing),0.9,
Speciality Retail,Speciality Retail,8,2025-11-26,0.0,0.0,0.0,0.0,crashing,1,0,1151.86,1.26,rising,Bear Control,Unknown,0.0,CASH - No trades (most setups failing),0.9,
Other Industrial Products,Other Industrial Products,8,2025-11-26,0.0,0.0,0.0,0.0,crashing,1,0,3916.71,1.87,rising,Bear Control,Unknown,0.0,CASH - No trades (most setups failing),0.9,
Integrated Power Utilities,Integrated Power Utilities,5,2025-11-26,0.0,0.0,0.0,0.0,crashing,0,0,505.34,0.42,flat,Bear Control,Unknown,0.0,CASH - No trades (most setups failing),0.9,
E-Retail/ E-Commerce,E-Retail/ E-Commerce,7,2025-11-26,0.0,0.0,0.0,0.0,crashing,1,0,660.97,0.88,flat,Bear Control,Unknown,0.0,CASH - No trades (most setups failing),0.9,
Other Textile Products,Other Textile Products,13,2025-11-26,0.0,0.0,0.0,0.0,crashing,1,0,475.19,-1.1,falling,Bear Control,Unknown,0.0,CASH - No trades (most setups failing),0.9,
Non Banking Financial Company (NBFC),Non Banking Financial Company (NBFC),22,2025-11-26,0.0,0.0,0.0,0.0,crashing,0,0,936.21,0.95,flat,Bear Control,Unknown,0.0,CASH - No trades (most setups failing),0.9,
Diversified Retail,Diversified Retail,5,2025-11-26,0.0,0.0,0.0,0.0,crashing,0,0,1097.7,-1.36,falling,Bear Control,Unknown,0.0,CASH - No trades (most setups failing),0.9,
Hospital,Hospital,14,2025-11-26,0.0,0.0,0.0,0.0,crashing,1,0,1401.77,-0.36,flat,Bear Control,Unknown,0.0,CASH - No trades (most setups failing),0.9,
Fertilizers,Fertilizers,10,2025-11-26,0.0,0.0,0.0,0.0,crashing,0,0,563.56,-1.06,falling,Bear Control,Unknown,0.0,CASH - No trades (most setups failing),0.9,
Hotels & Resorts,Hotels & Resorts,14,2025-11-26,0.0,0.0,0.0,0.0,crashing,1,0,369.57,-0.55,flat,Bear Control,Unknown,0.0,CASH - No trades (most setups failing),0.9,
Life Insurance,Life Insurance,6,2025-11-26,0.0,0.0,0.0,0.0,crashing,0,0,1030.75,1.66,rising,Bear Control,Unknown,0.0,CASH - No trades (most setups failing),0.9,
Plastic Products - Industrial,Plastic Products - Industrial,9,2025-11-26,0.0,0.0,0.0,0.0,crashing,1,1,1521.38,-2.44,falling,Bear Control,Unknown,0.0,CASH - No trades (most setups failing),0.9,GRWRHITECH
Restaurants,Restaurants,6,2025-11-26,0.0,0.0,0.0,0.0,crashing,0,0,498.86,1.43,rising,Bear Control,Unknown,0.0,CASH - No trades (most setups failing),0.9,
Personal Care,Personal Care,9,2025-11-26,0.0,0.0,0.0,0.0,crashing,1,1,2941.63,-0.1,flat,Bear Control,Unknown,0.0,CASH - No trades (most setups failing),0.9,CUPID
Cement & Cement Products,Cement & Cement Products,18,2025-11-26,0.0,0.0,0.0,0.0,crashing,3,0,3121.76,0.54,flat,Bear Control,Unknown,0.0,CASH - No trades (most setups failing),0.9,
Plywood Boards/ Laminates,Plywood Boards/ Laminates,5,2025-11-26,0.0,0.0,0.0,0.0,crashing,2,0,744.48,2.18,rising,Bear Control,Unknown,0.0,CASH - No trades (most setups failing),0.9,
Footwear,Footwear,5,2025-11-26,0.0,0.0,0.0,0.0,crashing,0,0,596.89,1.95,rising,Bear Control,Unknown,0.0,CASH - No trades (most setups failing),0.9,
Packaging,Packaging,5,2025-11-26,0.0,0.0,0.0,0.0,crashing,0,0,1091.87,-1.94,falling,Bear Control,Unknown,0.0,CASH - No trades (most setups failing),0.9,
Paints,Paints,5,2025-11-26,0.0,0.0,0.0,0.0,crashing,0,0,1680.06,0.09,flat,Bear Control,Unknown,0.0,CASH - No trades (most setups failing),0.9,
2/3 Wheelers,2/3 Wheelers,6,2025-11-26,0.0,0.0,0.0,0.0,crashing,0,0,5342.88,3.46,rising,Bear Control,Unknown,0.0,CASH - No trades (most setups failing),0.9,
Computers - Software & Consulting,Computers - Software & Consulting,23,2025-11-26,0.0,0.0,-20.0,0.0,crashing,2,0,1770.63,-0.46,flat,Bear Control,Unknown,0.0,CASH - No trades (most setups failing),0.9,
Garments & Apparels,Garments & Apparels,7,2025-11-26,0.0,0.0,-66.67,-66.67,crashing,2,0,6253.14,-0.07,flat,Bear Control,Unknown,0.0,CASH - No trades (most setups failing),0.9,
