sector,level_4,symbol_count,date,EM,EM_chng_1d,EM_chng_3d,EM_chng_5d,EM_trend,PPDs_lookback,PPD_success,sector_index,index_pct_change_5d,index_trend,regime,market_type,position_size,trading_action,confidence,follow_through_symbols
Industrial Products,Industrial Products,23,2025-11-18,60.0,2.86,-10.0,-15.0,stable,5,3,3699.7,-0.71,flat,Strong Bullish,Unknown,30.0,TRIM TO 30% - Strong momentum slipping,0.8,"CPPLUS, DYNAMATECH"
Auto Components & Equipments,Auto Components & Equipments,39,2025-11-18,37.5,0.0,-6.94,-5.36,stable,8,3,2532.66,-0.73,flat,Healthy Bullish,Unknown,50.0,REDUCE - Weakening,0.7,"JAMNAAUTO, LUMAXIND, LUMAXTECH"
Pharmaceuticals,Pharmaceuticals,62,2025-11-18,22.22,0.0,-19.44,-22.22,crashing,9,2,2378.2,0.12,flat,Deteriorating,Unknown,0.0,EXIT - EM crashing,0.9,"BIOCON, JBCHEPHARM"
Specialty Chemicals,Specialty Chemicals,31,2025-11-18,0.0,0.0,0.0,0.0,crashing,4,0,1880.42,0.88,flat,Bear Control,Unknown,0.0,CASH - No trades (most setups failing),0.9,
Packaged Foods,Packaged Foods,7,2025-11-18,0.0,0.0,0.0,0.0,crashing,2,0,1705.22,0.02,flat,Bear Control,Unknown,0.0,CASH - No trades (most setups failing),0.9,
"Compressors, Pumps & Diesel Engines","Compressors, Pumps & Diesel Engines",11,2025-11-18,0.0,0.0,0.0,0.0,crashing,2,1,1716.93,1.27,rising,Bear Control,Unknown,0.0,CASH - No trades (most setups failing),0.9,KIRLOSENG
Commodity Chemicals,Commodity Chemicals,8,2025-11-18,0.0,0.0,0.0,0.0,crashing,1,0,912.53,-1.63,falling,Bear Control,Unknown,0.0,CASH - No trades (most setups failing),0.9,
Aerospace & Defense,Aerospace & Defense,14,2025-11-18,0.0,0.0,0.0,0.0,crashing,4,1,1557.02,1.6,rising,Bear Control,Unknown,0.0,CASH - No trades (most setups failing),0.9,MTARTECH
Iron & Steel Products,Iron & Steel Products,19,2025-11-18,0.0,0.0,0.0,0.0,crashing,3,0,736.16,-0.4,flat,Bear Control,Unknown,0.0,CASH - No trades (most setups failing),0.9,
Dairy Products,Dairy Products,5,2025-11-18,0.0,0.0,0.0,0.0,crashing,1,0,1640.43,-1.7,falling,Bear Control,Unknown,0.0,CASH - No trades (most setups failing),0.9,
Power Generation,Power Generation,15,2025-11-18,0.0,0.0,0.0,0.0,crashing,1,0,276.62,-0.32,flat,Bear Control,Unknown,0.0,CASH - No trades (most setups failing),0.9,
Investment Company,Investment Company,10,2025-11-18,0.0,0.0,0.0,0.0,crashing,1,0,3135.11,5.38,rising,Bear Control,Unknown,0.0,CASH - No trades (most setups failing),0.9,
Heavy Electrical Equipment,Heavy Electrical Equipment,21,2025-11-18,0.0,0.0,0.0,0.0,crashing,4,2,2667.16,-0.51,flat,Bear Control,Unknown,0.0,CASH - No trades (most setups failing),0.9,"TARIL, VOLTAMP"
Other Electrical Equipment,Other Electrical Equipment,11,2025-11-18,0.0,0.0,0.0,0.0,crashing,0,0,1826.47,3.66,rising,Bear Control,Unknown,0.0,CASH - No trades (most setups failing),0.9,
Civil Construction,Civil Construction,34,2025-11-18,0.0,0.0,0.0,0.0,crashing,2,0,708.25,0.81,flat,Bear Control,Unknown,0.0,CASH - No trades (most setups failing),0.9,
General Insurance,General Insurance,6,2025-11-18,0.0,0.0,0.0,0.0,crashing,0,0,591.93,1.92,rising,Bear Control,Unknown,0.0,CASH - No trades (most setups failing),0.9,
Holding Company,Holding Company,6,2025-11-18,0.0,0.0,0.0,0.0,crashing,0,0,3016.98,-0.73,flat,Bear Control,Unknown,0.0,CASH - No trades (most setups failing),0.9,
Financial Institution,Financial Institution,6,2025-11-18,0.0,0.0,0.0,0.0,crashing,1,0,217.28,0.87,flat,Bear Control,Unknown,0.0,CASH - No trades (most setups failing),0.9,
"Tour, Travel Related Services","Tour, Travel Related Services",5,2025-11-18,0.0,0.0,0.0,0.0,crashing,1,0,612.44,0.77,flat,Bear Control,Unknown,0.0,CASH - No trades (most setups failing),0.9,
"Residential, Commercial Projects","Residential, Commercial Projects",27,2025-11-18,0.0,0.0,0.0,0.0,crashing,0,0,767.27,-1.07,falling,Bear Control,Unknown,0.0,CASH - No trades (most setups failing),0.9,
"Gems, Jewellery And Watches","Gems, Jewellery And Watches",14,2025-11-18,0.0,0.0,0.0,0.0,crashing,2,0,1226.19,0.64,flat,Bear Control,Unknown,0.0,CASH - No trades (most setups failing),0.9,
Electrodes & Refractories,Electrodes & Refractories,5,2025-11-18,0.0,0.0,0.0,0.0,crashing,2,0,612.08,0.8,flat,Bear Control,Unknown,0.0,CASH - No trades (most setups failing),0.9,
Refineries & Marketing,Refineries & Marketing,6,2025-11-18,0.0,0.0,0.0,0.0,crashing,2,0,634.94,1.9,rising,Bear Control,Unknown,0.0,CASH - No trades (most setups failing),0.9,
Pesticides & Agrochemicals,Pesticides & Agrochemicals,10,2025-11-18,0.0,0.0,0.0,0.0,crashing,0,0,2437.68,-3.52,falling,Bear Control,Unknown,0.0,CASH - No trades (most setups failing),0.9,
Logistics Solution Provider,Logistics Solution Provider,10,2025-11-18,0.0,0.0,0.0,0.0,crashing,0,0,985.98,-1.06,falling,Bear Control,Unknown,0.0,CASH - No trades (most setups failing),0.9,
Breweries & Distilleries,Breweries & Distilleries,8,2025-11-18,0.0,0.0,0.0,0.0,crashing,3,1,1317.02,1.89,rising,Bear Control,Unknown,0.0,CASH - No trades (most setups failing),0.9,INDIAGLYCO
Iron & Steel,Iron & Steel,8,2025-11-18,0.0,0.0,0.0,0.0,crashing,0,0,491.59,-1.64,falling,Bear Control,Unknown,0.0,CASH - No trades (most setups failing),0.9,
Tyres & Rubber Products,Tyres & Rubber Products,6,2025-11-18,0.0,0.0,0.0,0.0,crashing,0,0,27954.18,-1.15,falling,Bear Control,Unknown,0.0,CASH - No trades (most setups failing),0.9,
Industrial Minerals,Industrial Minerals,7,2025-11-18,0.0,0.0,0.0,0.0,crashing,0,0,1389.07,-2.05,falling,Bear Control,Unknown,0.0,CASH - No trades (most setups failing),0.9,
Stockbroking & Allied,Stockbroking & Allied,8,2025-11-18,0.0,0.0,0.0,0.0,crashing,0,0,1921.99,2.27,rising,Bear Control,Unknown,0.0,CASH - No trades (most setups failing),0.9,
Asset Management Company,Asset Management Company,5,2025-11-18,0.0,0.0,0.0,0.0,crashing,0,0,1694.54,-1.2,falling,Bear Control,Unknown,0.0,CASH - No trades (most setups failing),0.9,
Private Sector Bank,Private Sector Bank,19,2025-11-18,0.0,0.0,0.0,0.0,crashing,1,0,498.41,1.5,rising,Bear Control,Unknown,0.0,CASH - No trades (most setups failing),0.9,
Housing Finance Company,Housing Finance Company,10,2025-11-18,0.0,0.0,0.0,0.0,crashing,1,1,728.42,3.06,rising,Bear Control,Unknown,0.0,CASH - No trades (most setups failing),0.9,AAVAS
Passenger Cars & Utility Vehicles,Passenger Cars & Utility Vehicles,5,2025-11-18,0.0,0.0,0.0,0.0,crashing,0,0,8154.5,0.15,flat,Bear Control,Unknown,0.0,CASH - No trades (most setups failing),0.9,
Diversified Commercial Services,Diversified Commercial Services,10,2025-11-18,0.0,0.0,0.0,0.0,crashing,2,1,463.1,-2.94,falling,Bear Control,Unknown,0.0,CASH - No trades (most setups failing),0.9,INDIQUBE
Telecom - Cellular & Fixed line services,Telecom - Cellular & Fixed line services,5,2025-11-18,0.0,0.0,0.0,0.0,crashing,1,1,1181.03,2.82,rising,Bear Control,Unknown,0.0,CASH - No trades (most setups failing),0.9,IDEA
Public Sector Bank,Public Sector Bank,12,2025-11-18,0.0,0.0,0.0,0.0,crashing,0,0,243.75,2.13,rising,Bear Control,Unknown,0.0,CASH - No trades (most setups failing),0.9,
IT Enabled Services,IT Enabled Services,16,2025-11-18,0.0,0.0,0.0,0.0,crashing,1,0,1389.14,-3.42,falling,Bear Control,Unknown,0.0,CASH - No trades (most setups failing),0.9,
Household Appliances,Household Appliances,15,2025-11-18,0.0,0.0,0.0,0.0,crashing,0,0,1375.32,0.93,flat,Bear Control,Unknown,0.0,CASH - No trades (most setups failing),0.9,
LPG/CNG/PNG/LNG Supplier,LPG/CNG/PNG/LNG Supplier,5,2025-11-18,0.0,0.0,0.0,0.0,crashing,0,0,547.29,0.74,flat,Bear Control,Unknown,0.0,CASH - No trades (most setups failing),0.9,
Speciality Retail,Speciality Retail,8,2025-11-18,0.0,0.0,0.0,0.0,crashing,1,0,1140.94,1.09,rising,Bear Control,Unknown,0.0,CASH - No trades (most setups failing),0.9,
Other Industrial Products,Other Industrial Products,8,2025-11-18,0.0,0.0,0.0,0.0,crashing,1,0,3833.36,-0.0,flat,Bear Control,Unknown,0.0,CASH - No trades (most setups failing),0.9,
Integrated Power Utilities,Integrated Power Utilities,5,2025-11-18,0.0,0.0,0.0,0.0,crashing,0,0,506.13,-1.47,falling,Bear Control,Unknown,0.0,CASH - No trades (most setups failing),0.9,
E-Retail/ E-Commerce,E-Retail/ E-Commerce,7,2025-11-18,0.0,0.0,0.0,0.0,crashing,0,0,671.17,4.55,rising,Bear Control,Unknown,0.0,CASH - No trades (most setups failing),0.9,
Other Textile Products,Other Textile Products,13,2025-11-18,0.0,0.0,0.0,0.0,crashing,1,0,481.17,0.11,flat,Bear Control,Unknown,0.0,CASH - No trades (most setups failing),0.9,
Non Banking Financial Company (NBFC),Non Banking Financial Company (NBFC),22,2025-11-18,0.0,0.0,0.0,0.0,crashing,1,0,929.15,1.07,rising,Bear Control,Unknown,0.0,CASH - No trades (most setups failing),0.9,
Diversified Retail,Diversified Retail,5,2025-11-18,0.0,0.0,0.0,0.0,crashing,0,0,1112.62,-0.49,flat,Bear Control,Unknown,0.0,CASH - No trades (most setups failing),0.9,
Hospital,Hospital,14,2025-11-18,0.0,0.0,0.0,0.0,crashing,3,0,1397.15,0.16,flat,Bear Control,Unknown,0.0,CASH - No trades (most setups failing),0.9,
Fertilizers,Fertilizers,10,2025-11-18,0.0,0.0,0.0,0.0,crashing,0,0,569.57,2.19,rising,Bear Control,Unknown,0.0,CASH - No trades (most setups failing),0.9,
Hotels & Resorts,Hotels & Resorts,14,2025-11-18,0.0,0.0,0.0,0.0,crashing,1,0,372.63,0.55,flat,Bear Control,Unknown,0.0,CASH - No trades (most setups failing),0.9,
Life Insurance,Life Insurance,6,2025-11-18,0.0,0.0,0.0,0.0,crashing,1,0,1017.09,0.98,flat,Bear Control,Unknown,0.0,CASH - No trades (most setups failing),0.9,
Plastic Products - Industrial,Plastic Products - Industrial,9,2025-11-18,0.0,0.0,0.0,0.0,crashing,2,1,1557.72,2.97,rising,Bear Control,Unknown,0.0,CASH - No trades (most setups failing),0.9,GRWRHITECH
Restaurants,Restaurants,6,2025-11-18,0.0,0.0,0.0,0.0,crashing,0,0,482.22,0.27,flat,Bear Control,Unknown,0.0,CASH - No trades (most setups failing),0.9,
Personal Care,Personal Care,9,2025-11-18,0.0,0.0,0.0,0.0,crashing,2,1,2944.78,0.48,flat,Bear Control,Unknown,0.0,CASH - No trades (most setups failing),0.9,CUPID
Cement & Cement Products,Cement & Cement Products,18,2025-11-18,0.0,0.0,0.0,0.0,crashing,2,0,3095.69,-1.35,falling,Bear Control,Unknown,0.0,CASH - No trades (most setups failing),0.9,
Plywood Boards/ Laminates,Plywood Boards/ Laminates,5,2025-11-18,0.0,0.0,0.0,0.0,crashing,1,0,728.45,3.78,rising,Bear Control,Unknown,0.0,CASH - No trades (most setups failing),0.9,
Footwear,Footwear,5,2025-11-18,0.0,0.0,0.0,0.0,crashing,0,0,586.33,-2.3,falling,Bear Control,Unknown,0.0,CASH - No trades (most setups failing),0.9,
Packaging,Packaging,5,2025-11-18,0.0,0.0,0.0,0.0,crashing,0,0,1106.79,-2.64,falling,Bear Control,Unknown,0.0,CASH - No trades (most setups failing),0.9,
Paints,Paints,5,2025-11-18,0.0,0.0,0.0,0.0,crashing,3,3,1679.33,5.54,rising,Bear Control,Unknown,0.0,CASH - No trades (most setups failing),0.9,INDIGOPNTS
2/3 Wheelers,2/3 Wheelers,6,2025-11-18,0.0,0.0,0.0,0.0,crashing,0,0,5154.06,1.78,rising,Bear Control,Unknown,0.0,CASH - No trades (most setups failing),0.9,
Computers - Software & Consulting,Computers - Software & Consulting,23,2025-11-18,0.0,0.0,-20.0,0.0,crashing,3,0,1738.03,0.18,flat,Bear Control,Unknown,0.0,CASH - No trades (most setups failing),0.9,
Garments & Apparels,Garments & Apparels,7,2025-11-18,0.0,-66.67,-80.0,0.0,crashing,4,2,6232.0,-2.45,falling,Bear Control,Unknown,0.0,CASH - No trades (most setups failing),0.9,"GOKEX, KITEX"
