symbol,last_week_end,label,stage_label,confidence_score,confidence_level,weekly_close,weekly_open,weekly_high,weekly_low,weekly_volume,weekly_vwap,ma_short_10w,ma_long_30w,ma_trend_50w,ma_slope,atr_20w,range_high_20w,range_low_20w,range_pct_20w,atr_shrink,vol_ma_20w,vol_spike_latest,vol_z,rs_12w,rs_z_12w,hhhl_pattern,higher_highs,higher_lows,breakout_level,breakout_signal,breakout_strength,trend_strength_score,range_breakout_score,volume_confirmation_score,relative_strength_score,atr_volatility_score,hhhl_pattern_score,daily_confirmed,confirmation_date,confirmation_price,confirmation_volume,daily_vol_spike,breakout_failed,failure_date,failure_reason,confirmation_status,recommendation,entry_suggested,entry_type,stop_suggested,stop_method,stop_distance_pct,target_suggested,target_method,target_distance_pct,position_size_shares,position_value,position_value_pct,risk_amount,risk_pct,risk_reward_ratio,potential_reward,notes
SBIN,2025-09-19,UPTREND_CONT,Uptrend Continuation,0.7280222313568837,MODERATE,854.0,823.55,860.8,821.1,40871009,806.4836719334606,815.765,791.6916666666667,792.229,0.007982157530226457,24.524999999999995,854.0,779.25,9.5925569457812,True,49317665.85,0.828729590007553,-0.4571615790954119,1.069396211255506,1.9326725793612332,False,False,True,862.54,False,-0.990099009900986,0.766429882036452,0.7821628870502488,0.5249659761669938,0.8275704055529458,0.9924528301886792,0.25,False,,,,0.0,False,,No failure criteria met,PENDING,WATCH - Pending confirmation,854.0,weekly_breakout,766.9875,conservative,10.188817330210778,1003.5,measured_move,17.505854800936767,11,9394.0,9.394,957.1375000000005,0.9571375000000005,1.7181439448355111,1644.5,Uptrend continuation pattern; Moderate confidence - good setup with some risk; Pending daily confirmation; Good risk-reward ratio: 1.7:1
MARUTI,2025-09-19,UPTREND_CONT,Uptrend Continuation,0.6419674430097899,MODERATE,15840.0,15350.0,15939.0,15249.0,1813925,12431.215408966744,13785.1,12688.326666666666,12301.146,0.07988844758838423,557.85,15840.0,12250.0,29.306122448979593,False,1851031.25,0.9799537420019246,-0.04527808985008877,1.2636645054898343,2.3306143864840636,False,False,False,15998.4,False,-0.9900990099009879,0.9669667579936565,0.5541374625031495,0.4754446511594573,0.8792365101441437,0.34716981132075475,0.0,False,,,,0.0,False,,No failure criteria met,PENDING,WATCH - Pending confirmation,15840.0,weekly_breakout,11971.075,conservative,24.42503156565656,23020.0,measured_move,45.32828282828283,0,0.0,0.0,0.0,0.0,1.8558126611397225,0.0,Uptrend continuation pattern; Moderate confidence - good setup with some risk; Pending daily confirmation; Trade setup issues: Invalid position size
HINDUNILVR,2025-09-19,UPTREND_CONT,Uptrend Continuation,0.6295804628720425,MODERATE,2584.1,2580.5,2609.9,2566.5,4308788,2491.1119814393337,2552.56,2394.8216666666663,2415.218,0.040171476540151074,101.67999999999999,2659.8,2306.2,15.332581736189418,False,8065620.55,0.5342165520047928,-1.3586205280479577,1.1297255286637853,1.5385522639177067,True,True,True,2686.398,False,-3.8079986658715583,0.813779699290791,0.7071084113209364,0.21635012146527877,0.8091428652931962,0.34716981132075475,1.0,False,,,,0.0,False,,No failure criteria met,PENDING,WATCH - Pending confirmation,2584.1,weekly_breakout,2255.3599999999997,conservative,12.721643899229914,3291.3000000000006,measured_move,27.36736194419723,3,7752.299999999999,7.752299999999999,986.2200000000007,0.9862200000000007,2.151244144308573,2121.600000000002,Uptrend continuation pattern; Moderate confidence - good setup with some risk; Pending daily confirmation; Excellent risk-reward ratio: 2.2:1
BAJFINANCE,2025-09-19,UPTREND_CONT,Uptrend Continuation,0.4585273051603126,WATCHLIST,994.25,999.0,1025.7,990.0,34233412,789.1869656329204,917.74,905.99,833.584,0.011255888267540875,49.8275,1003.25,861.45,16.460618724244,False,40198190.05,0.851615755769581,-0.4933104612451729,1.058858717187828,0.5445848545639131,False,False,False,1013.2825,False,-1.8783014608463113,0.4178135768444957,0.6985914455227769,0.42650845161345735,0.5268667974877433,0.15094339622641512,0.0,False,,,,0.0,False,,No failure criteria met,PENDING,WATCH - Pending confirmation,994.25,weekly_breakout,836.53625,conservative,15.86258486296203,1277.85,measured_move,28.524013075182292,6,5965.5,5.9655,946.2825,0.9462825000000001,1.79819451379477,1701.5999999999995,Uptrend continuation pattern; Watchlist candidate - monitor for improvement; Pending daily confirmation; Good risk-reward ratio: 1.8:1
