{
  "_comment": "MultiBeggar Strategy Configuration Template",
  "_description": "Edit this file to test different parameter combinations without modifying code",
  
  "backtest_settings": {
    "start_date": "2022-01-01",
    "end_date": "2025-10-23",
    "initial_capital": 2000000,
    "portfolio_size": 10,
    "rebalance_frequency": "monthly",
    "transaction_cost_pct": 0.01
  },
  
  "monthly_filters": {
    "_comment": "Monthly timeframe filters for trend identification",
    "trix_threshold": 1.5,
    "trix_threshold_options": [0.5, 1.0, 1.5, 2.0, 2.5],
    "trix_threshold_note": "Lower = more signals, Higher = fewer signals",
    
    "kc_distance_threshold": 0.5,
    "kc_distance_threshold_options": [0.0, 0.5, 1.0, 1.5, 2.0],
    "kc_distance_threshold_note": "% price must be above KC Middle",
    
    "kc_slope_required": true,
    "kc_slope_required_note": "Require KC Middle to be trending up",
    
    "trix_momentum_required": true,
    "trix_momentum_required_note": "Require TRIX momentum to be positive",
    
    "bearish_fractal_bonus": true,
    "bearish_fractal_bonus_note": "Give bonus weight to bearish fractal breakouts"
  },
  
  "weekly_filters": {
    "_comment": "Weekly timeframe filters for entry timing",
    "rsi_threshold": 70,
    "rsi_threshold_options": [60, 65, 70, 75, 80],
    "rsi_threshold_note": "Maximum RSI for entry (avoid overbought)",
    
    "volume_ratio_threshold": 0.8,
    "volume_ratio_threshold_options": [0.6, 0.8, 1.0, 1.2, 1.5],
    "volume_ratio_threshold_note": "Volume vs 20-period average",
    
    "atr_percent_threshold": 8.0,
    "atr_percent_threshold_options": [5.0, 6.0, 8.0, 10.0, 12.0],
    "atr_percent_threshold_note": "Maximum ATR % (volatility filter)",
    
    "entry_conditions_required": 4,
    "entry_conditions_required_options": [3, 4, 5, 6],
    "entry_conditions_required_note": "How many of 6 weekly conditions needed (higher = stricter)",
    
    "fractal_strength_required": true,
    "fractal_strength_required_note": "Require fractal breakout pattern"
  },
  
  "exit_strategy": {
    "_comment": "Exit strategy configuration",
    "strategy": "hybrid",
    "strategy_options": ["trix_deterioration", "fractal_break", "trailing_stop", "hybrid"],
    "strategy_note": "trix_deterioration = exit on TRIX flip, fractal_break = exit on bearish fractal, trailing_stop = % stop from peak, hybrid = combination",
    
    "trailing_stop_pct": 0.15,
    "trailing_stop_pct_options": [0.08, 0.10, 0.12, 0.15, 0.18, 0.20, 0.25],
    "trailing_stop_pct_note": "% drawdown from peak before exit",
    
    "hold_period_min": 4,
    "hold_period_min_options": [2, 4, 8, 12],
    "hold_period_min_note": "Minimum hold period in weeks",
    
    "hold_period_max": 52,
    "hold_period_max_options": [26, 39, 52, 78, 104],
    "hold_period_max_note": "Maximum hold period in weeks (52 = 1 year)"
  },
  
  "position_sizing": {
    "_comment": "Position sizing method and parameters",
    "method": "equal_weight",
    "method_options": ["equal_weight", "conviction_based", "volatility_adjusted"],
    "method_note": "equal_weight = same size all positions, conviction_based = bigger size for high conviction, volatility_adjusted = size by volatility",
    
    "conviction_multiplier": 1.5,
    "conviction_multiplier_options": [1.0, 1.2, 1.5, 1.8, 2.0, 2.5],
    "conviction_multiplier_note": "Position size multiplier for high conviction (5/6 or 6/6 conditions)",
    
    "volatility_target": 0.03,
    "volatility_target_options": [0.02, 0.025, 0.03, 0.035, 0.04],
    "volatility_target_note": "Target daily volatility for volatility-adjusted sizing",
    
    "max_position_size_pct": 0.15,
    "max_position_size_pct_note": "Maximum % of capital per position (risk control)"
  },
  
  "testing_modes": {
    "_comment": "Control which tests to run",
    "run_quick_test": false,
    "run_sensitivity_analysis": true,
    "run_parameter_sweep": false,
    "run_monte_carlo": false,
    "run_out_of_sample": true,
    "monte_carlo_runs": 100
  },
  
  "out_of_sample_validation": {
    "_comment": "Train/test split for validation",
    "train_start": "2022-01-01",
    "train_end": "2024-01-01",
    "test_start": "2024-01-01",
    "test_end": "2025-10-23"
  },
  
  "scenarios": {
    "_comment": "Predefined scenario configurations",
    "default": {
      "description": "Scanner default settings (balanced)",
      "enabled": true
    },
    "aggressive": {
      "description": "More signals, shorter holds, tighter stops",
      "enabled": true,
      "modifications": {
        "trix_threshold": 2.0,
        "rsi_threshold": 75,
        "entry_conditions_required": 3,
        "trailing_stop_pct": 0.12,
        "hold_period_max": 26
      }
    },
    "conservative": {
      "description": "Fewer signals, longer holds, wider stops",
      "enabled": true,
      "modifications": {
        "trix_threshold": 1.0,
        "kc_distance_threshold": 1.0,
        "rsi_threshold": 65,
        "entry_conditions_required": 5,
        "trailing_stop_pct": 0.20,
        "hold_period_min": 8
      }
    },
    "fractal_focus": {
      "description": "Heavy emphasis on fractal breakouts",
      "enabled": true,
      "modifications": {
        "trix_threshold": 2.0,
        "bearish_fractal_bonus": true,
        "fractal_strength_required": true,
        "exit_strategy": "fractal_break",
        "hold_period_max": 39
      }
    },
    "trend_rider": {
      "description": "Long holds, wide stops, let winners run",
      "enabled": true,
      "modifications": {
        "exit_strategy": "trix_deterioration",
        "trailing_stop_pct": 0.25,
        "hold_period_min": 12,
        "hold_period_max": 104
      }
    }
  },
  
  "priority_parameters": {
    "_comment": "Parameters ranked by expected impact on performance",
    "high_priority": [
      "exit_strategy",
      "trailing_stop_pct",
      "hold_period_min",
      "hold_period_max",
      "trix_threshold"
    ],
    "medium_priority": [
      "rsi_threshold",
      "entry_conditions_required",
      "kc_distance_threshold",
      "conviction_multiplier"
    ],
    "low_priority": [
      "kc_slope_required",
      "trix_momentum_required",
      "fractal_strength_required",
      "volume_ratio_threshold"
    ]
  },
  
  "performance_targets": {
    "_comment": "Success criteria for strategy validation",
    "minimum_viable": {
      "cagr_oos": 20.0,
      "max_drawdown": 30.0,
      "sharpe_ratio": 1.0,
      "win_rate": 50.0,
      "min_trades": 30
    },
    "production_ready": {
      "cagr_is": 30.0,
      "cagr_oos": 20.0,
      "max_drawdown": 25.0,
      "sharpe_ratio": 1.5,
      "win_rate": 55.0,
      "beats_benchmark_by": 2.0
    }
  },
  
  "data_sources": {
    "symbols_csv": "data/MCAP-great2500.csv",
    "cache_dir": "cache/mb_backtest",
    "output_dir": "mb_backtest_results",
    "benchmark": "NIFTY 500"
  },
  
  "api_settings": {
    "_comment": "Kite API configuration (DO NOT commit credentials!)",
    "api_key": "YOUR_API_KEY_HERE",
    "access_token": "YOUR_ACCESS_TOKEN_HERE",
    "rate_limit_delay_seconds": 0.35
  }
}

