symbol,straddle_rank,straddle_score,straddle_tier,straddle_risk_level,spot_price,atm_strike,writer_pcr_oi,rollover_quality_index,rollover_percent,avg_price_momentum,confidence_percent,oi_skew_type,oi_directional_bias,oi_spatial_risk_level,writer_call_oi_concentration_pct,writer_put_oi_concentration_pct,writer_max_call_oi_value,writer_max_put_oi_value,straddle_strengths,straddle_risk_factors,straddle_deployment_timing,straddle_expected_range_lower,straddle_expected_range_upper,trade_setup,current_fut_oi,next_fut_oi
NTPC,1,86.33,Tier 1 (Best),High,341.75,342.50,0.88,9.70,51.48,0.22,46.50,Balanced,Neutral,Medium,25.50,19.40,1593000,1059000,Good PCR Balance (0.88) | Ultra-Low Vol (0.22%) | Excellent RQI (9.7) | High Liquidity (OI: 65.0M),Spread activity detected - May indicate hedging | Very Low Rollover (51.5%),Wait & Monitor (High Risk),340.0,350.0,Sell 342.5 CE + 342.5 PE (Nov exp) | Range: 340.0-350.0,65803500.00,69816441.00
MARUTI,2,86.23,Tier 1 (Best),Medium,16388.00,16400.00,1.04,9.20,55.08,0.59,45.50,Balanced,Neutral,Medium,24.70,27.90,64650,75750,Perfect PCR (1.04) | Low Vol (0.59%) | Excellent RQI (9.2) | Low Conviction (45.5%),Spread activity detected - May indicate hedging | Low Rollover (55.1%),Deploy Wed/Thu (Post-Expiry Clear),16000.0,17000.0,Sell 16400.0 CE + 16400.0 PE (Nov exp) | Range: 16000.0-17000.0,1606900.00,1970299.00
ABB,3,85.57,Tier 1 (Best),Medium,5238.00,5250.00,0.91,9.00,78.69,0.44,43.20,Bearish_Inversion,Bearish,Medium,24.70,28.00,80125,83250,Good Rollover (78.7%) | Good PCR Balance (0.91) | Ultra-Low Vol (0.44%) | Excellent RQI (9.0) | Low Conviction (43.2%),Weak bearish skew detected | Spread activity detected - May indicate hedging,Deploy Wed/Thu (Post-Expiry Clear),5200.0,5200.0,Sell 5250.0 CE + 5250.0 PE (Nov exp) | Range: 5200.0-5200.0,567000.00,2093238.00
BAJAJ-AUTO,4,85.18,Tier 1 (Best),Medium,9095.50,9100.00,0.90,9.40,74.32,0.69,43.60,Bullish_Inversion,Bullish,Medium,22.10,20.50,57150,47400,Good Rollover (74.3%) | Good PCR Balance (0.90) | Low Vol (0.69%) | Excellent RQI (9.4) | Low Conviction (43.6%),Weak bullish skew detected | Spread activity detected - May indicate hedging,Deploy Wed/Thu (Post-Expiry Clear),9200.0,9500.0,Sell 9100.0 CE + 9100.0 PE (Nov exp) | Range: 9200.0-9500.0,957450.00,2771166.00
RECLTD,5,84.41,Tier 1 (Best),Medium,373.70,375.00,0.80,9.50,62.58,0.27,43.20,Bearish_Inversion,Bearish,Medium,26.70,32.40,4032825,3918075,Ultra-Low Vol (0.27%) | Excellent RQI (9.5) | Low Conviction (43.2%) | High Liquidity (OI: 39.0M),Weak bearish skew detected | Spread activity detected - May indicate hedging | Low Rollover (62.6%) | PCR Imbalance (0.80),Deploy Wed/Thu (Post-Expiry Clear),370.0,370.0,Sell 375.0 CE + 375.0 PE (Nov exp) | Range: 370.0-370.0,39665250.00,66338584.00
UNITDSPR,6,84.39,Tier 2 (Good),Medium,1353.10,1350.00,1.05,9.50,63.36,1.16,46.50,Bullish_Inversion,Bullish,Medium,34.20,20.50,309200,194000,Perfect PCR (1.05) | Excellent RQI (9.5),Weak bullish skew detected | Spread activity detected - May indicate hedging | Low Rollover (63.4%),Deploy Wed/Thu (Post-Expiry Clear),1400.0,1400.0,Sell 1350.0 CE + 1350.0 PE (Nov exp) | Range: 1400.0-1400.0,5629600.00,9735210.00
JUBLFOOD,7,84.22,Tier 2 (Good),Medium-High,595.70,600.00,1.01,9.50,59.42,1.54,45.70,Bullish_Inversion,Bullish,High,53.20,39.00,800000,592500,Perfect PCR (1.01) | Excellent RQI (9.5) | Low Conviction (45.7%) | High Liquidity (OI: 11.0M),BULLISH OI SKEW: Moderate bullish skew: Max Put OI above spot (39.0% concentration) | Low Rollover (59.4%),Deploy Thu/Fri (Monitor First),600.0,600.0,Sell 600.0 CE + 600.0 PE (Nov exp) | Range: 600.0-600.0,11466250.00,16787235.00
ICICIPRULI,8,84.04,Tier 2 (Good),Medium,600.75,600.00,0.94,9.20,67.93,1.04,46.10,Balanced,Neutral,Medium,30.10,32.00,283050,283050,Good PCR Balance (0.94) | Excellent RQI (9.2),Spread activity detected - May indicate hedging | Moderate Rollover (67.9%),Deploy Wed/Thu (Post-Expiry Clear),600.0,610.0,Sell 600.0 CE + 600.0 PE (Nov exp) | Range: 600.0-610.0,4432600.00,9386988.00
TITAGARH,9,84.03,Tier 2 (Good),Medium,895.90,900.00,0.83,9.40,75.06,0.41,45.40,Bullish_Inversion,Bullish,Medium,50.20,29.50,189950,92800,Good Rollover (75.1%) | Ultra-Low Vol (0.41%) | Excellent RQI (9.4) | Low Conviction (45.4%),Weak bullish skew detected | Spread activity detected - May indicate hedging | PCR Imbalance (0.83),Deploy Wed/Thu (Post-Expiry Clear),900.0,900.0,Sell 900.0 CE + 900.0 PE (Nov exp) | Range: 900.0-900.0,1660975.00,4998321.00
TATATECH,10,83.82,Tier 2 (Good),Medium,695.80,700.00,0.79,9.50,76.79,0.15,47.00,Bullish_Inversion,Bullish,Medium,26.30,24.50,376800,276800,Good Rollover (76.8%) | Ultra-Low Vol (0.15%) | Excellent RQI (9.5),Weak bullish skew detected | Spread activity detected - May indicate hedging | PCR Imbalance (0.79),Deploy Wed/Thu (Post-Expiry Clear),700.0,700.0,Sell 700.0 CE + 700.0 PE (Nov exp) | Range: 700.0-700.0,2324132.00,7689609.00
